"Zone","Sub_region","Season","Month2","Region","Tem_mean","Tem_sd","Tem_se","Sal_mean","Sal_sd","Sal_se","TA_mean","TA_sd","TA_se","nTA_mean","nTA_sd","DIC_mean","DIC_sd","DIC_se","nDIC_mean","nDIC_sd","pCO2_mean","pCO2_sd","pCO2_se","pH_mean","pH_sd","pH_se","Ara_mean","Ara_sd","Ara_se","n"
"Inshore","BB","Winter","Jan","FL",22.61,2.06,0.78,35.66,0.77,0.29,2424.28,34.61,13.08,2448.37,74.88,2128.55,49.09,18.56,2149.91,83.07,418,36.01,13.61,8.05,0.03,0.01,3.34,0.18,0.07,7
"Inshore","BB","Winter","Feb","FL",22.7,1.3,0.65,35.81,0.4,0.2,2420.96,41.99,20.99,2434.41,63.53,2089.65,39.66,19.83,2101.31,59.41,355.86,21.18,10.59,8.1,0.02,0.01,3.7,0.12,0.06,4
"Inshore","BB","Winter","Mar","FL",24.21,0.36,0.15,35.99,0.91,0.37,2421.09,63.69,26,2424.42,125.42,2074.03,69.56,28.4,2077.13,121.33,356.27,40.87,16.68,8.1,0.04,0.02,3.88,0.25,0.1,6
"Inshore","BB","Spring","Apr","FL",26.31,1.37,0.46,36.63,0.42,0.14,2349.21,36.2,12.07,2309.28,58.25,1966.83,59.3,19.77,1933.69,78.54,317.72,44.55,14.85,8.13,0.05,0.02,4.21,0.33,0.11,9
"Inshore","BB","Spring","May","FL",27.13,1.13,0.56,36.35,0.73,0.36,2364.05,23.4,11.7,2342.24,64.95,1984.35,60.69,30.34,1966.47,91.83,335.63,61.25,30.63,8.11,0.06,0.03,4.23,0.34,0.17,4
"Inshore","BB","Spring","Jun","FL",28.95,1.04,0.37,36.43,0.68,0.24,2268.15,83.75,29.61,2242.17,96.68,1925.9,82.53,29.18,1904.26,101.24,387.53,47.92,16.94,8.04,0.04,0.01,3.82,0.29,0.1,8
"Inshore","BB","Summer","Jul","FL",30.92,0.77,0.24,36.43,0.33,0.1,2324.69,50.85,16.08,2297.08,58.17,2009.96,41.92,13.25,1986.17,52.59,501.04,60.15,19.02,7.96,0.04,0.01,3.63,0.31,0.1,10
"Inshore","BB","Summer","Aug","FL",31.37,1.41,0.7,35.87,0.93,0.47,2334.36,51.21,25.61,2344.85,106.82,2010.44,101.15,50.57,2020.69,154.03,498.65,137.6,68.8,7.97,0.09,0.04,3.77,0.63,0.31,4
"Inshore","BB","Summer","Sep","FL",29.11,1.54,0.63,34.61,0.87,0.36,2370.09,41.46,16.93,2466.27,57.01,2105.85,52.72,21.52,2191.83,81.55,597.11,108.28,44.21,7.91,0.07,0.03,3.17,0.48,0.2,6
"Inshore","BB","Fall","Oct","FL",28.89,0.27,0.1,34.64,0.52,0.2,2390.06,68.15,25.76,2484.79,90.07,2125.7,72.31,27.33,2210.12,95.01,590.85,52.93,20,7.92,0.03,0.01,3.17,0.14,0.05,7
"Inshore","BB","Fall","Nov","FL",25.3,1.71,0.7,35.54,0.47,0.19,2405.36,48.13,19.65,2436.53,53.11,2123.68,49.43,20.18,2151.43,63.27,491.02,56.13,22.91,7.99,0.04,0.02,3.25,0.33,0.13,6
"Inshore","BB","Fall","Dec","FL",23.59,0.88,0.28,35.57,0.74,0.23,2413.2,28.83,9.12,2443.07,65.61,2114.69,43.92,13.89,2141.15,77.39,424.35,33.68,10.65,8.04,0.02,0.01,3.38,0.17,0.06,10
"Inshore","UK","Winter","Jan","FL",21.88,3.14,0.99,35.78,0.9,0.28,2450.94,86.49,27.35,2468.5,139.41,2145.17,99.19,31.37,2160.79,142.53,399.09,60.64,19.17,8.07,0.05,0.02,3.44,0.19,0.06,10
"Inshore","UK","Winter","Feb","FL",22.98,1.38,0.69,36.04,0.22,0.11,2403.68,50.97,25.49,2400.46,43.59,2049.28,72.97,36.48,2046.44,65.62,322.33,29.69,14.85,8.13,0.02,0.01,3.92,0.24,0.12,4
"Inshore","UK","Winter","Mar","FL",24.43,0.71,0.27,36.55,0.43,0.16,2413.42,40.1,15.15,2377.33,66.45,2052.45,57.36,21.68,2021.96,78.97,341.68,46.04,17.4,8.11,0.04,0.02,4,0.19,0.07,7
"Inshore","UK","Spring","Apr","FL",26.92,1.66,0.46,36.78,0.32,0.09,2321.98,48.72,13.51,2272.99,54.34,1893.78,72.66,20.15,1853.85,75.12,262.92,47.78,13.25,8.19,0.06,0.02,4.67,0.26,0.07,13
"Inshore","UK","Spring","May","FL",27.52,1.41,0.58,36.95,0.35,0.14,2328.47,49.2,20.09,2269.08,68.59,1914.43,52.67,21.5,1865.68,68.2,287.76,43.48,17.75,8.15,0.05,0.02,4.53,0.2,0.08,6
"Inshore","UK","Spring","Jun","FL",29.05,1.07,0.38,36.48,0.41,0.14,2334.66,44.63,15.78,2304.06,64.87,1969.73,53.45,18.9,1944.06,71.02,373.35,32.7,11.56,8.06,0.03,0.01,4.1,0.23,0.08,8
"Inshore","UK","Summer","Jul","FL",31.01,0.9,0.25,36.19,0.65,0.18,2341.92,55.61,15.42,2330.14,74.14,2003.02,28.24,7.83,1993.01,53.85,455.38,51.31,14.23,8,0.05,0.01,3.91,0.42,0.12,13
"Inshore","UK","Summer","Aug","FL",31.6,1.16,0.47,36.37,0.28,0.12,2357.59,32.17,13.13,2333.65,46.4,1990.11,28.34,11.57,1969.86,37.7,416.67,44.09,18,8.03,0.04,0.02,4.22,0.17,0.07,6
"Inshore","UK","Summer","Sep","FL",31.43,1.7,0.64,35.11,1.32,0.5,2334.56,48.9,18.48,2395.59,68.77,2049.13,60.91,23.02,2103.43,95.55,574.92,81.14,30.67,7.92,0.05,0.02,3.4,0.44,0.17,7
"Inshore","UK","Fall","Oct","FL",29.28,0.31,0.12,34.78,0.43,0.16,2371.62,51.1,19.31,2455.01,55.56,2100.47,69.3,26.19,2174.53,80.09,579.29,94.16,35.59,7.92,0.05,0.02,3.24,0.3,0.11,7
"Inshore","UK","Fall","Nov","FL",25.17,1.37,0.46,35.7,0.59,0.2,2434.71,44.55,14.85,2455.42,62.86,2169.94,67.88,22.63,2188.82,90.47,551.14,97.74,32.58,7.95,0.06,0.02,3.08,0.39,0.13,9
"Inshore","UK","Fall","Dec","FL",23.4,1.33,0.4,35.85,0.72,0.22,2448.61,73.68,22.22,2460.7,117.2,2151.1,102.07,30.78,2162.39,142.48,441.97,66.55,20.06,8.03,0.04,0.01,3.38,0.28,0.09,11
"Inshore","MK","Winter","Jan","FL",22.45,2.05,0.68,35.91,0.36,0.12,2449.72,106.78,35.59,2455.93,117.8,2152.1,98.09,32.7,2157.66,109.51,425.12,51.61,17.2,8.05,0.05,0.02,3.36,0.33,0.11,9
"Inshore","MK","Winter","Feb","FL",22.96,1.69,0.69,34.71,2.06,0.84,2447.74,88.49,36.13,2549.92,234.99,2093.72,96.17,39.26,2181.47,214.24,323.42,30.29,12.37,8.14,0.04,0.02,4,0.2,0.08,6
"Inshore","MK","Winter","Mar","FL",24.71,1.38,0.52,36.69,0.4,0.15,2414.77,34.13,12.9,2369.94,58.71,2060.33,43.7,16.52,2022.13,61.5,357.01,46.23,17.47,8.1,0.04,0.02,3.93,0.16,0.06,7
"Inshore","MK","Spring","Apr","FL",26.62,2.06,0.6,36.83,0.61,0.18,2346.95,40.4,11.66,2294.74,56.34,1943.73,56.15,16.21,1900.44,62.52,296.28,50.25,14.51,8.15,0.06,0.02,4.42,0.23,0.07,12
"Inshore","MK","Spring","May","FL",27.56,1.72,0.61,37.08,0.34,0.12,2312.21,37.14,13.13,2244.97,48.63,1899.93,52.4,18.53,1844.79,61.65,288.79,56.53,19.99,8.15,0.06,0.02,4.5,0.28,0.1,8
"Inshore","MK","Spring","Jun","FL",29.64,1.19,0.31,36.66,0.59,0.15,2261.71,85.32,22.03,2220.98,73.75,1899.02,85.47,22.07,1864.99,81.41,368.92,74.4,19.21,8.06,0.07,0.02,4.03,0.49,0.13,15
"Inshore","MK","Summer","Jul","FL",31.46,1.1,0.32,36.85,1.11,0.32,2238.31,102.24,29.51,2190.18,151.54,1922.3,94.07,27.15,1881.33,138.96,476.55,69.57,20.08,7.96,0.05,0.01,3.58,0.33,0.1,12
"Inshore","MK","Summer","Aug","FL",30.84,1.28,0.45,36.66,0.51,0.18,2255.61,117.77,41.64,2215.98,133.8,1921.24,94.74,33.5,1887.56,110.38,430.21,44.29,15.66,8,0.05,0.02,3.77,0.42,0.15,8
"Inshore","MK","Summer","Sep","FL",30.48,2.17,0.72,36.2,1.17,0.39,2283.5,95.25,31.75,2274.29,147.79,1989.58,111.12,37.04,1982.52,161.93,520.97,64.84,21.61,7.94,0.04,0.01,3.39,0.4,0.13,9
"Inshore","MK","Fall","Oct","FL",28.96,0.38,0.12,34.73,0.49,0.15,2350.86,41.95,13.26,2436.98,49.91,2052.68,51.26,16.21,2127.81,54.03,495.76,88.27,27.91,7.98,0.07,0.02,3.5,0.41,0.13,10
"Inshore","MK","Fall","Nov","FL",25.85,1.5,0.5,36.06,0.44,0.15,2370.35,23.35,7.78,2366.22,31.97,2077.83,42.76,14.25,2074.45,57.41,469.97,54.94,18.31,7.99,0.04,0.01,3.33,0.38,0.13,9
"Inshore","MK","Fall","Dec","FL",23.15,0.62,0.17,35.58,1.58,0.42,2441.5,59.56,15.92,2475.54,137.45,2141.76,69.94,18.69,2172.08,137.76,425.94,48.65,13,8.04,0.04,0.01,3.4,0.23,0.06,14
"Inshore","LK","Winter","Jan","FL",21.85,1.87,0.56,36.41,0.95,0.29,2372.27,81.24,24.49,2345.88,75.55,2106.14,78.65,23.71,2082.6,70.96,460.53,67.88,20.47,8.01,0.06,0.02,2.98,0.28,0.09,11
"Inshore","LK","Winter","Feb","FL",22.77,1.99,0.7,35.44,0.68,0.24,2420.97,47.38,16.75,2459.84,62.19,2101.3,50.3,17.78,2135.43,75,375.11,37.64,13.31,8.09,0.04,0.01,3.6,0.4,0.14,8
"Inshore","LK","Winter","Mar","FL",24.39,1.51,0.5,36.39,0.55,0.18,2384.59,36.14,12.05,2359.44,60.07,2035.92,49.44,16.48,2014.82,75.82,352.24,57.84,19.28,8.1,0.06,0.02,3.86,0.41,0.14,9
"Inshore","LK","Spring","Apr","FL",26.69,1.88,0.54,36.26,0.69,0.2,2293.27,67.54,19.5,2278.36,102.4,1935.43,82.24,23.74,1922.99,107.71,338,54.3,15.68,8.1,0.06,0.02,3.95,0.3,0.09,12
"Inshore","LK","Spring","May","FL",26.99,1.58,0.6,36.95,0.35,0.13,2224.87,58.43,22.09,2166.95,37.43,1872.19,59.39,22.45,1823.39,42.64,332.41,41.77,15.79,8.09,0.04,0.02,3.83,0.26,0.1,7
"Inshore","LK","Spring","Jun","FL",29.3,1.4,0.35,36.72,0.6,0.15,2246.86,75.57,18.89,2203.47,83.48,1917.99,69.37,17.34,1881.43,86.69,417.84,77.49,19.37,8.01,0.07,0.02,3.67,0.4,0.1,16
"Inshore","LK","Summer","Jul","FL",31,0.88,0.29,36.1,1.36,0.45,2224.93,108.61,36.2,2221.72,142.43,1941.93,89.93,29.98,1939.16,121.37,530.24,59.74,19.91,7.92,0.05,0.02,3.26,0.38,0.13,9
"Inshore","LK","Summer","Aug","FL",31.38,1.14,0.36,36.41,0.39,0.12,2182.32,67.04,21.2,2157.57,67.91,1905.11,74.29,26.27,1888.61,73.78,512.38,114.83,40.6,7.94,0.07,0.03,3.31,0.45,0.16,10
"Inshore","LK","Summer","Sep","FL",30.17,1.75,0.58,35.72,0.82,0.27,2266.86,100.2,33.4,2286.94,137.52,1987.7,100.21,33.4,2005.78,137.17,539.24,77.46,25.82,7.93,0.06,0.02,3.24,0.35,0.12,9
"Inshore","LK","Fall","Oct","FL",28.41,2.68,0.77,35.4,0.78,0.23,2272.22,73.56,21.23,2312.63,109.07,1998.91,73.03,21.08,2034.75,108.33,516.18,75.9,21.91,7.95,0.06,0.02,3.16,0.21,0.06,12
"Inshore","LK","Fall","Nov","FL",26.05,0.66,0.22,36.55,0.67,0.22,2350.19,38.7,12.9,2315.49,57.4,2084.38,32.4,10.8,2053.71,54.41,533.51,41.97,13.99,7.94,0.03,0.01,3.03,0.2,0.07,9
"Inshore","LK","Fall","Dec","FL",23.15,0.68,0.18,36.03,0.72,0.19,2340.11,92.69,23.93,2339.39,111.32,2053.29,78.17,20.18,2052.8,98.19,421.5,47.53,12.27,8.03,0.04,0.01,3.2,0.34,0.09,15
"Mid channel","BB","Winter","Jan","FL",24.24,1.4,0.53,36.17,0.37,0.14,2385.81,22.39,8.46,2374.72,38.89,2066.57,24.92,9.42,2056.97,37.47,391.47,11.67,4.41,8.06,0.01,0.01,3.57,0.07,0.02,7
"Mid channel","BB","Winter","Feb","FL",23.61,1.1,0.63,36.01,0.18,0.1,2388.41,18.44,10.65,2387.57,16.13,2067.46,20.86,12.04,2066.74,20.23,377.81,7.7,4.44,8.08,0.01,0.01,3.58,0.05,0.03,3
"Mid channel","BB","Winter","Mar","FL",24.42,0.19,0.08,36.44,0.11,0.04,2393.19,18.16,7.41,2364.01,18.8,2056.16,16.7,6.82,2031.09,17.05,368.84,11.25,4.59,8.08,0.01,0,3.75,0.09,0.04,6
"Mid channel","BB","Spring","Apr","FL",25.98,1.08,0.36,36.45,0.22,0.07,2374.59,27.15,9.05,2344.98,35.41,2024.27,43.78,14.59,1999.13,51.89,365.61,33.8,11.27,8.08,0.03,0.01,3.9,0.21,0.07,9
"Mid channel","BB","Spring","May","FL",26.65,0.84,0.42,36.38,0.13,0.06,2389.94,6.23,3.11,2364.63,10.62,2038.11,17.55,8.77,2016.56,23.39,376.43,22.54,11.27,8.07,0.02,0.01,3.95,0.16,0.08,4
"Mid channel","BB","Spring","Jun","FL",28.67,0.97,0.44,35.99,0.46,0.21,2354.68,23.9,10.69,2355.62,43.81,2014.28,31.05,13.89,2015.1,44.87,411.39,25.07,11.21,8.04,0.02,0.01,3.88,0.08,0.04,5
"Mid channel","BB","Summer","Jul","FL",30.29,0.54,0.17,36.01,0.47,0.15,2369.75,16.59,5.25,2369.39,30.56,2043.05,17.7,5.6,2042.85,36.73,474.53,42.89,13.56,7.99,0.03,0.01,3.79,0.19,0.06,10
"Mid channel","BB","Summer","Aug","FL",30.88,1.09,0.55,36.28,0.14,0.07,2358.79,28.02,14.01,2340.62,28.94,2023.66,21.08,10.54,2008.08,23.66,465.11,24.8,12.4,7.99,0.02,0.01,3.87,0.24,0.12,4
"Mid channel","BB","Summer","Sep","FL",29.35,1.02,0.42,35.06,0.91,0.37,2365.76,31.15,12.72,2429.68,50.02,2071.56,45.75,18.68,2127.92,72.31,518.25,56.36,23.01,7.96,0.04,0.01,3.46,0.31,0.12,6
"Mid channel","BB","Fall","Oct","FL",29.04,0.38,0.14,35.32,0.42,0.16,2374.71,16.05,6.07,2420.37,31.6,2061.05,30.47,11.52,2100.68,39.43,472.44,37.91,14.33,7.99,0.03,0.01,3.65,0.17,0.06,7
"Mid channel","BB","Fall","Nov","FL",26.78,0.61,0.25,36.09,0.28,0.11,2385.9,15.4,6.29,2379.99,21.62,2078.49,32.76,13.38,2073.49,44.45,461.58,66.9,27.31,8,0.05,0.02,3.51,0.28,0.12,6
"Mid channel","BB","Fall","Dec","FL",24.71,0.47,0.17,36.01,0.4,0.14,2394.11,18.09,6.4,2393.51,34.93,2079.06,24.76,8.76,2078.62,40.88,408.48,24.14,8.54,8.05,0.02,0.01,3.55,0.11,0.04,8
"Mid channel","UK","Winter","Jan","FL",23.91,2.66,1,36.02,0.46,0.17,2400.69,39.92,15.09,2399.71,62.01,2074.45,46.32,17.51,2073.66,64.33,377.47,18.89,7.14,8.08,0.03,0.01,3.65,0.1,0.04,7
"Mid channel","UK","Winter","Feb","FL",23.45,0.78,0.55,35.87,0.11,0.08,2383.89,1,0.7,2392.6,6.14,2051.81,9.1,6.44,2059.32,15.28,354.01,3.74,2.64,8.1,0,0,3.69,0.12,0.08,2
"Mid channel","UK","Winter","Mar","FL",24.8,0.94,0.38,36.43,0.2,0.08,2380.37,17.53,7.16,2352.37,5.9,2029.92,29.02,11.85,2006.06,26.39,350.67,39.38,16.08,8.1,0.04,0.02,3.88,0.22,0.09,6
"Mid channel","UK","Spring","Apr","FL",26.41,1.34,0.6,36.42,0.2,0.09,2381.1,5.85,2.62,2353.43,9.43,2009.63,33.82,15.13,1986.29,34.87,343.32,53.89,24.1,8.11,0.06,0.03,4.14,0.29,0.13,5
"Mid channel","UK","Spring","May","FL",26.84,1.14,0.66,36.59,0.23,0.13,2393.83,1.48,0.85,2354.94,15.35,2012.4,35.98,20.77,1979.85,47.71,340.88,68.4,39.49,8.11,0.07,0.04,4.25,0.32,0.19,3
"Mid channel","UK","Spring","Jun","FL",28.92,0.95,0.32,36.32,0.17,0.06,2375.21,15.18,5.06,2354.37,13.35,2024.82,18.35,6.12,2007.13,25.23,409.4,31.39,10.46,8.04,0.03,0.01,3.99,0.26,0.09,9
"Mid channel","UK","Summer","Jul","FL",30.72,0.77,0.26,35.82,0.49,0.16,2362.1,12.9,4.3,2374.37,26.23,2029.7,13.44,4.48,2040.39,35.73,464.15,33.62,11.21,7.99,0.03,0.01,3.86,0.14,0.05,9
"Mid channel","UK","Summer","Aug","FL",30.75,0.49,0.28,36.24,0.07,0.04,2397.87,21.91,12.65,2382.01,18.02,2038.67,17.34,10.01,2025.19,13.97,429.74,7.91,4.56,8.02,0.01,0.01,4.15,0.05,0.03,3
"Mid channel","UK","Summer","Sep","FL",30.31,1.76,0.72,35.15,1.02,0.41,2367.89,24.44,9.98,2426.28,57.74,2057.72,66.3,27.07,2109,96.49,508.78,99.54,40.64,7.97,0.06,0.03,3.66,0.57,0.23,6
"Mid channel","UK","Fall","Oct","FL",29.49,0.15,0.06,35.09,0.15,0.06,2372.2,15.1,6.17,2433.42,23.34,2056.36,26.35,10.76,2109.44,32.12,472.19,37.01,15.11,7.99,0.03,0.01,3.7,0.17,0.07,6
"Mid channel","UK","Fall","Nov","FL",26.63,0.77,0.35,35.77,0.4,0.18,2370.72,23.55,10.53,2386.17,27.49,2074.77,46.56,20.82,2088.48,57.17,473.58,65.81,29.43,7.99,0.05,0.02,3.39,0.34,0.15,5
"Mid channel","UK","Fall","Dec","FL",24.65,1.13,0.4,36.17,0.23,0.08,2395.77,12.75,4.51,2384.67,19.8,2076.52,27.24,9.63,2066.92,31.71,402.08,21.98,7.77,8.05,0.02,0.01,3.59,0.19,0.07,8
"Mid channel","MK","Winter","Jan","FL",23.88,1.74,0.58,36.12,0.26,0.09,2422.8,71.16,23.72,2415.14,82.63,2110.17,85.28,28.43,2103.56,94.38,411.21,39.09,13.03,8.05,0.03,0.01,3.52,0.19,0.06,9
"Mid channel","MK","Winter","Feb","FL",23.5,1.32,0.5,35.89,0.45,0.17,2393.01,42.41,16.03,2400.69,69.19,2058.75,41.14,15.55,2065.41,64.39,354.56,16.19,6.12,8.1,0.02,0.01,3.72,0.11,0.04,7
"Mid channel","MK","Winter","Mar","FL",24.31,0.8,0.27,36.56,0.16,0.05,2399.71,16.7,5.57,2363.1,23,2050.77,20.31,6.77,2019.41,16.13,355.12,47.85,15.95,8.1,0.05,0.02,3.86,0.32,0.11,9
"Mid channel","MK","Spring","Apr","FL",26.37,1.27,0.37,36.53,0.38,0.11,2385.93,10.93,3.15,2351.37,31.25,2014.99,20.46,5.91,1985.85,35.1,343.82,33.04,9.54,8.1,0.04,0.01,4.13,0.21,0.06,12
"Mid channel","MK","Spring","May","FL",27.42,1.28,0.45,36.73,0.39,0.14,2350.29,42.94,15.18,2304.11,61.19,1971.19,65.06,23,1932.68,80.12,339.92,62.72,22.17,8.1,0.06,0.02,4.2,0.3,0.11,8
"Mid channel","MK","Spring","Jun","FL",29.51,1.04,0.29,36.39,0.34,0.09,2310.49,88.85,24.64,2285.35,78.57,1962.77,77.2,21.41,1941.41,68.9,401.31,42.44,11.77,8.04,0.04,0.01,3.93,0.32,0.09,13
"Mid channel","MK","Summer","Jul","FL",31.23,1.12,0.31,36.18,0.64,0.18,2303.7,66.08,18.33,2293.17,91.25,1978.8,57.26,15.88,1969.95,84.14,469.73,40.5,11.23,7.98,0.03,0.01,3.74,0.23,0.06,13
"Mid channel","MK","Summer","Aug","FL",30.98,1.02,0.36,36.26,0.29,0.1,2335.35,57.66,20.39,2318.35,60.86,1983.64,48.38,17.1,1969.3,55.01,424.06,16.76,5.93,8.02,0.02,0.01,4.03,0.22,0.08,8
"Mid channel","MK","Summer","Sep","FL",30.46,1.2,0.4,35.55,0.88,0.29,2321.12,62.63,20.88,2351.94,99.73,2012.63,61.04,20.35,2039.51,94.56,489.87,23.08,7.69,7.97,0.02,0.01,3.59,0.15,0.05,9
"Mid channel","MK","Fall","Oct","FL",29.22,0.51,0.16,35.19,0.27,0.09,2376.57,23.26,7.35,2431.5,33.16,2050.5,30.11,9.52,2097.96,40.78,448.88,36.16,11.43,8.01,0.03,0.01,3.8,0.21,0.07,10
"Mid channel","MK","Fall","Nov","FL",26.67,0.89,0.3,35.9,0.45,0.15,2371.06,21.39,7.13,2377.35,22.68,2063.24,39.21,13.07,2068.95,52,449.89,53.97,17.99,8.01,0.04,0.01,3.51,0.35,0.12,9
"Mid channel","MK","Fall","Dec","FL",24.2,0.65,0.17,35.95,0.56,0.15,2403.57,31.93,8.53,2407.08,46.8,2092.59,49.88,13.33,2095.76,62.83,411.88,41.43,11.07,8.05,0.03,0.01,3.5,0.2,0.05,14
"Mid channel","LK","Winter","Jan","FL",23.23,1.95,0.56,35.85,0.96,0.28,2379,54.26,15.66,2389.4,55.54,2095.15,47,13.57,2104.92,71.56,442.46,54.86,15.84,8.02,0.04,0.01,3.2,0.37,0.11,12
"Mid channel","LK","Winter","Feb","FL",23.17,1.5,0.5,35.77,0.63,0.21,2419.35,46.49,15.5,2435.23,43.83,2093.81,50.22,16.74,2107.9,63.31,374.22,42.11,14.04,8.09,0.04,0.01,3.65,0.38,0.13,9
"Mid channel","LK","Winter","Mar","FL",24.78,1.32,0.44,36.24,0.39,0.13,2396.12,37.02,12.34,2380.4,47.84,2063.58,38.48,12.83,2050.11,49.59,381.66,32.29,10.76,8.07,0.03,0.01,3.72,0.11,0.04,9
"Mid channel","LK","Spring","Apr","FL",26.5,1,0.29,36.31,0.33,0.1,2354.74,42.79,12.35,2334.65,51.19,2014.03,64.86,18.72,1996.91,70.92,390.63,95.77,27.65,8.06,0.08,0.02,3.81,0.45,0.13,12
"Mid channel","LK","Spring","May","FL",26.75,0.98,0.37,36.8,0.17,0.06,2294.45,62.16,23.5,2244.78,65.15,1946.11,64.47,24.37,1904.03,67.59,356.26,33.58,12.69,8.08,0.02,0.01,3.83,0.24,0.09,7
"Mid channel","LK","Spring","Jun","FL",28.9,1.21,0.31,36.38,0.34,0.09,2334.7,45.06,11.63,2310.06,42.29,1997.37,42.81,11.05,1976.41,46.57,419.25,40.02,10.33,8.03,0.04,0.01,3.82,0.19,0.05,15
"Mid channel","LK","Summer","Jul","FL",31.01,1.13,0.36,35.99,0.76,0.24,2322.63,54.94,17.37,2323.99,81.53,2003.38,53.16,16.81,2004.73,79.93,483.41,40.13,12.69,7.97,0.03,0.01,3.7,0.15,0.05,10
"Mid channel","LK","Summer","Aug","FL",30.96,0.57,0.17,36.14,0.27,0.08,2302.71,69.66,21,2293.5,70.32,1961.86,74.28,24.76,1956.23,78.65,456.32,52.2,17.4,7.99,0.04,0.01,3.73,0.19,0.06,11
"Mid channel","LK","Summer","Sep","FL",30.29,1.2,0.4,35.46,0.79,0.26,2314.01,81.18,27.06,2351.22,125.91,2007.18,81.94,27.31,2039.52,118.55,486.62,34.16,11.39,7.97,0.03,0.01,3.57,0.2,0.07,9
"Mid channel","LK","Fall","Oct","FL",29.19,0.47,0.13,35.38,0.44,0.13,2358.95,33.28,9.61,2400.53,47.18,2039.29,23.98,6.92,2075.32,42.19,456.63,29.65,8.56,8,0.03,0.01,3.71,0.23,0.07,12
"Mid channel","LK","Fall","Nov","FL",27.15,0.58,0.19,36.08,0.32,0.11,2368.55,27.4,9.13,2363.05,26.57,2064.13,34.67,11.56,2059.5,43.63,467.32,59.14,19.71,8,0.05,0.02,3.48,0.29,0.1,9
"Mid channel","LK","Fall","Dec","FL",24.8,0.76,0.2,36.09,0.24,0.06,2377.14,12.46,3.22,2371.31,19.05,2059.25,17.47,4.51,2054.16,18.44,400.04,28.7,7.41,8.05,0.03,0.01,3.57,0.17,0.05,15
"Offshore","BB","Winter","Jan","FL",25.24,1.31,0.5,35.87,1.02,0.38,2382.59,20.81,7.87,2393.22,83.01,2056.5,25.15,9.51,2065.68,73.84,390.63,10.92,4.13,8.06,0.02,0.01,3.67,0.11,0.04,7
"Offshore","BB","Winter","Feb","FL",23.87,0.96,0.48,36.02,0.24,0.12,2375.69,9.53,4.76,2374.36,18.38,2046.21,13.78,6.89,2045.06,18.98,363.21,8.48,4.24,8.09,0.01,0,3.67,0.08,0.04,4
"Offshore","BB","Winter","Mar","FL",24.68,0.31,0.13,36.46,0.12,0.05,2387.68,9.4,3.84,2357.34,8.18,2050.13,4.02,1.64,2024.09,5.5,370.45,17.75,7.25,8.08,0.02,0.01,3.75,0.1,0.04,6
"Offshore","BB","Spring","Apr","FL",26.01,0.63,0.21,36.35,0.2,0.07,2384.46,7.23,2.41,2361.11,9.47,2053.86,7.86,2.62,2033.75,10.2,401.09,22.69,7.56,8.05,0.02,0.01,3.71,0.09,0.03,9
"Offshore","BB","Spring","May","FL",26.69,0.55,0.28,36.16,0.37,0.19,2387.74,6.5,3.25,2377.22,27.67,2047.05,14.4,7.2,2038.07,31.56,392.87,22.26,11.13,8.06,0.02,0.01,3.85,0.07,0.04,4
"Offshore","BB","Spring","Jun","FL",28.53,0.98,0.35,36.17,0.55,0.2,2373.03,11.47,4.06,2362.44,46.08,2044.57,19.02,6.72,2035.53,47.48,441.63,36.4,12.87,8.01,0.03,0.01,3.75,0.1,0.04,8
"Offshore","BB","Summer","Jul","FL",30.19,0.56,0.18,35.68,0.48,0.15,2375.13,22.04,6.97,2396.84,28.82,2043.09,13.3,4.21,2061.92,33.75,459.35,34.57,10.93,8,0.03,0.01,3.86,0.2,0.06,10
"Offshore","BB","Summer","Aug","FL",30.69,0.65,0.33,36.28,0.07,0.04,2362.06,28.22,14.11,2343.64,25.54,2035.99,13.12,6.56,2020.11,9.3,482.87,36.68,18.34,7.98,0.03,0.02,3.77,0.21,0.1,4
"Offshore","BB","Summer","Sep","FL",30.15,0.81,0.33,35.14,0.81,0.33,2377.28,24.92,10.17,2436.19,67.95,2053.35,35.96,14.68,2103.8,46.65,472.44,62.09,25.35,7.99,0.05,0.02,3.8,0.33,0.14,6
"Offshore","BB","Fall","Oct","FL",29.32,0.35,0.13,35.28,0.33,0.12,2372.42,4.18,1.58,2420.91,20.68,2040.55,12.24,4.63,2082.33,29.14,437.75,25.85,9.77,8.02,0.02,0.01,3.85,0.14,0.05,7
"Offshore","BB","Fall","Nov","FL",27.35,0.33,0.14,36.19,0.44,0.18,2385.53,15.13,6.18,2373.49,40.11,2062.85,38.21,15.6,2052.62,58.36,440.84,63.59,25.96,8.02,0.05,0.02,3.67,0.27,0.11,6
"Offshore","BB","Fall","Dec","FL",25.56,0.28,0.09,36.05,0.26,0.09,2383.73,11.59,3.86,2380.19,16.68,2059.41,21.15,7.05,2056.41,28.41,402.52,30.81,10.27,8.05,0.03,0.01,3.65,0.15,0.05,9
"Offshore","UK","Winter","Jan","FL",24.94,1.18,0.34,36.2,0.34,0.1,2385.31,17.87,5.16,2372.07,33.88,2056.87,23.98,6.92,2045.44,33.65,386.22,8.15,2.35,8.07,0.01,0,3.68,0.12,0.04,12
"Offshore","UK","Winter","Feb","FL",23.35,0.47,0.27,35.82,0.04,0.02,2380.94,3.39,1.96,2392.93,1.98,2056.82,11.76,6.79,2067.17,9.78,364.24,9.85,5.69,8.09,0.01,0.01,3.61,0.1,0.06,3
"Offshore","UK","Winter","Mar","FL",24.91,0.74,0.26,36.45,0.07,0.03,2387.58,2.89,1.02,2357.91,3.71,2051.97,6.93,2.45,2026.47,6.11,376.8,9.39,3.32,8.07,0.01,0,3.74,0.08,0.03,8
"Offshore","UK","Spring","Apr","FL",26.01,0.7,0.21,36.32,0.26,0.08,2382.56,4.86,1.54,2362.71,15.61,2051.03,12.91,4.08,2033.93,16.39,397.72,27.41,8.67,8.05,0.02,0.01,3.72,0.1,0.03,11
"Offshore","UK","Spring","May","FL",26.72,0.99,0.44,36.42,0.13,0.06,2393.35,3.7,1.65,2365.54,8.09,2053.73,3.15,1.41,2029.88,9.53,400.07,22.83,10.21,8.05,0.02,0.01,3.83,0.05,0.02,5
"Offshore","UK","Spring","Jun","FL",28.59,0.73,0.21,36.3,0.2,0.06,2375.32,14.65,4.23,2355.58,20.34,2039.42,11.72,3.38,2022.46,16.39,430.23,25.9,7.48,8.02,0.02,0.01,3.83,0.17,0.05,12
"Offshore","UK","Summer","Jul","FL",30.51,0.64,0.17,35.8,0.57,0.15,2364,12.57,3.36,2377.47,33.41,2033.51,15.38,4.11,2045.33,44.37,465.26,36.85,9.85,7.99,0.03,0.01,3.84,0.16,0.04,14
"Offshore","UK","Summer","Aug","FL",30.57,0.76,0.34,36.27,0.09,0.04,2391.28,19.12,8.55,2373.59,15.05,2038.14,18.58,8.31,2023.06,15.24,435.91,6.32,2.83,8.02,0.01,0,4.07,0.01,0.01,5
"Offshore","UK","Summer","Sep","FL",30.59,1.06,0.35,35.37,0.8,0.27,2374.1,19.06,6.35,2417.32,53.37,2040.99,39.49,13.16,2078.15,58.56,460.52,42.23,14.08,8,0.03,0.01,3.9,0.24,0.08,9
"Offshore","UK","Fall","Oct","FL",29.12,0.89,0.28,35.27,0.43,0.14,2376.15,9.08,2.87,2425.17,30.28,2039.03,14.56,4.61,2081.21,36.54,425.27,21.07,6.66,8.03,0.02,0.01,3.91,0.14,0.05,10
"Offshore","UK","Fall","Nov","FL",27.54,0.22,0.08,35.99,0.29,0.1,2370.12,16.54,5.85,2370.58,25.75,2059.97,38.44,13.59,2060.48,47.8,461.8,64.86,22.93,8,0.05,0.02,3.55,0.27,0.1,8
"Offshore","UK","Fall","Dec","FL",25.48,0.33,0.1,36.14,0.19,0.06,2390.2,6.14,1.85,2380.85,8.85,2066.95,13.49,4.07,2058.88,16.93,406.24,28.64,8.63,8.05,0.03,0.01,3.64,0.16,0.05,11
"Offshore","MK","Winter","Jan","FL",24.87,1.05,0.33,36.18,0.4,0.13,2385.34,18.06,5.71,2373.85,38.02,2063.66,20.83,6.59,2053.73,36.84,396.91,7.74,2.45,8.06,0.01,0,3.61,0.06,0.02,10
"Offshore","MK","Winter","Feb","FL",22.95,1.84,0.75,35.81,0.39,0.16,2381.98,17.49,7.14,2394.67,38.66,2059.12,28.1,11.47,2070.18,46.35,361.07,13.7,5.59,8.09,0.02,0.01,3.59,0.21,0.09,6
"Offshore","MK","Winter","Mar","FL",24.85,0.54,0.18,36.48,0.08,0.03,2389.06,8.52,2.84,2357.43,10.95,2055.69,10.79,3.6,2028.48,13.53,380.49,13.78,4.59,8.07,0.01,0,3.71,0.06,0.02,9
"Offshore","MK","Spring","Apr","FL",25.99,0.74,0.21,36.38,0.22,0.06,2383.36,7.7,2.14,2358.63,13.49,2043.05,14.21,3.94,2021.84,15.85,383.8,25.86,7.17,8.07,0.02,0.01,3.81,0.13,0.04,13
"Offshore","MK","Spring","May","FL",26.85,0.76,0.29,36.4,0.23,0.09,2386.06,19.89,7.52,2359.63,29.43,2047.26,24,9.07,2024.64,34.61,401.54,33.1,12.51,8.05,0.03,0.01,3.82,0.13,0.05,7
"Offshore","MK","Spring","Jun","FL",28.63,1.15,0.32,36.23,0.19,0.05,2361.9,49.42,13.71,2346.46,41.83,2015.81,46.2,12.81,2002.6,38.84,405.97,25.29,7.01,8.04,0.02,0.01,3.93,0.17,0.05,13
"Offshore","MK","Summer","Jul","FL",30.5,0.76,0.21,35.71,0.7,0.2,2344.36,24.13,6.69,2364.18,56.81,2016.93,27.35,7.58,2034.15,58.85,462.43,39.38,10.92,7.99,0.03,0.01,3.8,0.18,0.05,13
"Offshore","MK","Summer","Aug","FL",30.48,0.95,0.33,36.12,0.29,0.1,2377.88,35.54,12.56,2369.99,45.99,2027.38,41.94,14.83,2020.7,50.69,432.5,15.43,5.45,8.02,0.01,0,4.04,0.09,0.03,8
"Offshore","MK","Summer","Sep","FL",30.2,0.83,0.28,35.43,0.73,0.24,2358.24,34.71,11.57,2396.85,70.94,2029.71,48.98,16.33,2062.9,71.17,456.59,35.69,11.9,8,0.02,0.01,3.83,0.2,0.07,9
"Offshore","MK","Fall","Oct","FL",29.28,0.43,0.14,35.22,0.65,0.2,2377.63,12.45,3.94,2430.97,54.31,2041.79,13.15,4.16,2087.58,45.95,430.68,25.78,8.15,8.02,0.02,0.01,3.9,0.16,0.05,10
"Offshore","MK","Fall","Nov","FL",27.55,0.06,0.02,36.03,0.39,0.13,2379.72,18.36,6.12,2377.55,26.51,2055.22,41.17,13.72,2053.5,51.93,437.49,66.39,22.13,8.02,0.05,0.02,3.7,0.31,0.1,9
"Offshore","MK","Fall","Dec","FL",25.42,0.36,0.09,36.01,0.23,0.06,2379.19,11.63,3,2378.65,16.12,2053.31,24.29,6.27,2052.81,22.94,395.3,30.31,7.83,8.06,0.03,0.01,3.67,0.16,0.04,15
"Offshore","LK","Winter","Jan","FL",24.25,1,0.24,36.23,0.38,0.09,2386.77,15.95,3.76,2371.67,36.13,2068.63,17.72,4.18,2055.56,33.32,394.57,7.44,1.75,8.06,0.01,0,3.56,0.09,0.02,18
"Offshore","LK","Winter","Feb","FL",22.68,1.51,0.57,35.74,0.47,0.18,2381.84,15.26,5.77,2399.41,28.79,2067.51,27.75,10.49,2082.86,41.49,371.81,29.54,11.17,8.08,0.03,0.01,3.5,0.28,0.11,7
"Offshore","LK","Winter","Mar","FL",25.56,0.85,0.26,36.39,0.09,0.03,2382.42,5.06,1.69,2358.3,8.42,2048.84,5.26,1.59,2026.69,9.31,387.59,16.09,5.36,8.06,0.02,0.01,3.72,0.04,0.01,11
"Offshore","LK","Spring","Apr","FL",26.07,0.88,0.24,36.4,0.27,0.07,2372.45,15.22,4.07,2346.43,25.83,2048.32,29.39,7.86,2025.87,35.18,412.22,47.05,12.58,8.04,0.04,0.01,3.64,0.21,0.06,14
"Offshore","LK","Spring","May","FL",26.44,0.56,0.18,36.5,0.22,0.07,2377,12.1,3.82,2344.43,23.81,2047.21,16.17,5.11,2019.17,24.2,408.04,13.78,4.36,8.04,0.01,0,3.71,0.08,0.03,10
"Offshore","LK","Spring","Jun","FL",28.58,1.17,0.27,36.3,0.14,0.03,2369.33,23.68,5.58,2349.26,18.6,2035.69,21.79,5.14,2018.46,18.52,431.83,21.34,5.03,8.02,0.02,0,3.8,0.12,0.03,18
"Offshore","LK","Summer","Jul","FL",30.3,0.59,0.16,35.84,0.56,0.15,2364.72,22.86,6.34,2375.41,34.29,2045.7,12.32,3.42,2055.19,41.38,488.15,49.09,13.62,7.98,0.04,0.01,3.71,0.23,0.06,13
"Offshore","LK","Summer","Aug","FL",30.31,0.4,0.1,36.09,0.23,0.06,2378.79,17.45,4.51,2372.61,18.95,2041.69,12.64,3.65,2036.68,14.3,458.36,23.43,6.76,8,0.02,0.01,3.88,0.14,0.04,15
"Offshore","LK","Summer","Sep","FL",29.83,0.73,0.21,35.28,0.72,0.21,2364.08,26.93,7.77,2412.75,52.01,2039.83,43.42,12.53,2081.76,55.45,460.13,42.93,12.39,8,0.03,0.01,3.78,0.22,0.06,12
"Offshore","LK","Fall","Oct","FL",28.97,0.55,0.14,35.52,0.34,0.08,2373.26,7.22,1.81,2405.64,22.47,2042.49,8.04,2.01,2070.37,21.38,436.51,20.03,5.01,8.02,0.02,0,3.82,0.1,0.02,16
"Offshore","LK","Fall","Nov","FL",27.39,0.22,0.06,36.18,0.3,0.09,2377.68,12.24,3.53,2365.64,27.16,2061.89,36.26,10.47,2051.62,49.88,453.05,65.9,19.02,8.01,0.05,0.01,3.6,0.28,0.08,12
"Offshore","LK","Fall","Dec","FL",25.58,0.63,0.15,35.88,0.51,0.12,2380.02,8.63,2.09,2388.39,38.29,2051.58,20.47,4.96,2058.81,38.89,392.63,33.9,8.22,8.06,0.03,0.01,3.7,0.17,0.04,17
"Oceanic","UK","Winter","Jan","FL",25.87,1.3,0.75,36.09,0.51,0.29,2380.18,20.44,11.8,2374.56,45.92,2048.89,22.88,13.21,2044.06,42.83,392.74,9.06,5.23,8.06,0.01,0.01,3.73,0.06,0.03,3
"Oceanic","UK","Winter","Feb","FL",23.26,0.01,0.01,36.08,0.3,0.21,2382.06,2.62,1.85,2376.84,22.55,2055.59,13.49,9.54,2051.13,30.67,362.03,15.67,11.08,8.09,0.01,0.01,3.62,0.1,0.07,2
"Oceanic","UK","Winter","Mar","FL",25.29,0.55,0.32,36.26,0.31,0.18,2374.2,15.92,9.19,2356.74,5.04,2039.34,20.28,11.71,2024.3,3.92,377.45,11.83,6.83,8.07,0.01,0.01,3.74,0.08,0.05,3
"Oceanic","UK","Spring","Apr","FL",25.48,0.59,0.34,36.15,0.2,0.12,2380.02,3.38,1.95,2369.83,9.87,2042.67,7.27,4.2,2033.93,12.24,377.17,19.18,11.07,8.07,0.02,0.01,3.78,0.07,0.04,3
"Oceanic","UK","Spring","May","FL",26.32,NA,NA,36.5,NA,NA,2395.83,NA,NA,2362.64,NA,2046.68,NA,NA,2018.33,NA,378.55,NA,NA,8.07,NA,NA,3.91,NA,NA,1
"Oceanic","UK","Spring","Jun","FL",28.43,0.76,0.34,36.28,0.1,0.05,2384.55,3.57,1.59,2365.91,6.83,2039.87,12.86,5.75,2023.93,15.27,413.84,21.73,9.72,8.04,0.02,0.01,3.92,0.12,0.05,5
"Oceanic","UK","Summer","Jul","FL",30.55,0.78,0.39,35.1,1.62,0.81,2366.09,12.43,6.22,2430.16,103.51,2033.32,13.2,6.6,2089.25,114.12,454.18,42.15,21.07,8,0.03,0.01,3.9,0.19,0.09,4
"Oceanic","UK","Summer","Aug","FL",30.14,NA,NA,36.36,NA,NA,2411.39,NA,NA,2387.06,NA,2053.5,NA,NA,2032.79,NA,428.5,NA,NA,8.03,NA,NA,4.12,NA,NA,1
"Oceanic","UK","Summer","Sep","FL",30.34,0.81,0.47,35.05,0.76,0.44,2375.68,19.7,11.37,2440.41,54.99,2037.37,46.08,26.6,2092.68,53.83,442.88,52.66,30.41,8.02,0.04,0.02,3.96,0.32,0.19,3
"Oceanic","UK","Fall","Oct","FL",29.57,0.45,0.26,35.33,0.55,0.32,2374.33,6.18,3.57,2419.56,33.83,2038.2,13.85,8,2077.16,43.28,435.21,32.22,18.6,8.02,0.02,0.01,3.9,0.2,0.12,3
"Oceanic","UK","Fall","Nov","FL",27.61,0.38,0.27,35.75,0.05,0.04,2376.22,20.06,14.18,2392.43,16.55,2068.12,53.85,38.08,2082.2,51.05,467.22,88.52,62.59,8,0.06,0.05,3.54,0.33,0.23,2
"Oceanic","UK","Fall","Dec","FL",25.88,0.29,0.15,36.22,0.13,0.06,2388.96,7.65,3.83,2374.11,3.58,2056.77,19.93,9.96,2043.99,20.89,397.08,35.16,17.58,8.06,0.03,0.02,3.74,0.18,0.09,4
"Oceanic","MK","Winter","Jan","FL",25.15,1.15,0.47,36.13,0.46,0.19,2383.81,14.25,5.82,2375.37,39.14,2055.98,19.15,7.82,2048.74,39.58,389.25,8.14,3.32,8.06,0.01,0,3.68,0.06,0.02,6
"Oceanic","MK","Winter","Feb","FL",23.79,2,1,36.01,0.17,0.09,2379.68,18.09,9.05,2378.74,16.59,2047.1,32.45,16.22,2046.28,30.73,358.48,14.68,7.34,8.09,0.01,0.01,3.7,0.23,0.11,4
"Oceanic","MK","Winter","Mar","FL",25.75,0.78,0.32,36.39,0.06,0.02,2378.1,4.55,1.86,2352.23,4.63,2045.51,6.05,2.47,2023.26,6.75,391,7.35,3,8.06,0.01,0,3.72,0.05,0.02,6
"Oceanic","MK","Spring","Apr","FL",26.2,0.65,0.27,36.4,0.21,0.08,2382.17,6.26,2.55,2356,10.22,2054.02,14.79,6.04,2031.41,8.4,408.73,32.28,13.18,8.04,0.03,0.01,3.69,0.11,0.04,6
"Oceanic","MK","Spring","May","FL",26.75,0.88,0.44,36.34,0.22,0.11,2392.04,8.48,4.24,2369.62,14.43,2059.93,10.1,5.05,2040.65,18.85,413.24,30.26,15.13,8.04,0.03,0.01,3.75,0.15,0.07,4
"Oceanic","MK","Spring","Jun","FL",28.58,1.03,0.36,36.36,0.12,0.04,2382.76,13.72,4.85,2358.76,10.84,2038.82,16.51,5.84,2018.29,14.51,417.96,24.74,8.75,8.03,0.02,0.01,3.91,0.06,0.02,8
"Oceanic","MK","Summer","Jul","FL",30.3,0.41,0.15,35.54,0.76,0.27,2370.33,14.82,5.24,2401.5,39.15,2037.32,22.1,7.81,2064.3,48.81,456.1,41.62,14.72,8,0.03,0.01,3.88,0.19,0.07,8
"Oceanic","MK","Summer","Aug","FL",30.26,0.37,0.15,36,0.31,0.13,2391.65,8.54,3.49,2391.29,15.9,2043.77,6.52,2.66,2043.46,13.82,437.82,9.66,3.94,8.02,0.01,0,4.02,0.04,0.02,6
"Oceanic","MK","Summer","Sep","FL",30.03,0.67,0.28,35.42,0.64,0.26,2384.81,17.35,7.08,2424.23,43.02,2046,38.38,15.67,2079.59,38.75,444.19,46.63,19.04,8.01,0.03,0.01,3.95,0.26,0.11,6
"Oceanic","MK","Fall","Oct","FL",29.42,0.41,0.17,35.53,0.3,0.12,2384.2,12.25,5,2416.05,26.78,2046.52,8.44,3.45,2073.84,20.78,435.7,29.12,11.89,8.02,0.02,0.01,3.91,0.17,0.07,6
"Oceanic","MK","Fall","Nov","FL",27.63,0.18,0.08,36.3,0.6,0.27,2382.91,12.62,5.64,2363.62,43.59,2047.53,35.2,15.74,2031.17,60.6,420.61,58.48,26.15,8.03,0.04,0.02,3.8,0.28,0.12,5
"Oceanic","MK","Fall","Dec","FL",25.69,0.34,0.11,36,0.2,0.06,2376.06,11.33,3.58,2376.17,17.81,2049.79,25.03,7.92,2049.87,26.17,397.78,31.95,10.1,8.05,0.03,0.01,3.67,0.16,0.05,10
"Oceanic","LK","Winter","Jan","FL",24.77,1.23,0.46,36.32,0.34,0.13,2384.6,15.88,6,2363.62,31.75,2059.19,22.53,8.52,2041.09,33.75,389.76,7.62,2.88,8.06,0.01,0,3.64,0.09,0.04,7
"Oceanic","LK","Winter","Feb","FL",23.23,1.38,0.56,36.1,0.2,0.08,2386.63,16.28,6.65,2379.58,8.96,2056.93,15.93,6.5,2050.89,18.06,358.85,21.26,8.68,8.09,0.02,0.01,3.66,0.28,0.12,6
"Oceanic","LK","Winter","Mar","FL",25.97,1.01,0.41,36.36,0.09,0.03,2376.79,5.25,2.14,2353.32,5.18,2042.06,6.77,2.76,2021.89,5.79,390.1,16.06,6.56,8.06,0.02,0.01,3.75,0.04,0.02,6
"Oceanic","LK","Spring","Apr","FL",26.23,0.37,0.13,36.28,0.29,0.1,2375.54,13.93,4.92,2356.93,13.14,2050.44,23.51,8.31,2034.32,15.94,410.94,25.42,8.99,8.04,0.02,0.01,3.66,0.11,0.04,8
"Oceanic","LK","Spring","May","FL",26.48,0.68,0.34,36.41,0.24,0.12,2386.71,4.89,2.45,2359.47,18.23,2055.98,4.5,2.25,2032.53,17.03,409.48,11.96,5.98,8.04,0.01,0.01,3.73,0.03,0.01,4
"Oceanic","LK","Spring","Jun","FL",28.46,1.27,0.4,36.31,0.22,0.07,2382.75,11.29,3.57,2362.65,18.77,2042.79,13.44,4.25,2025.58,20.41,423.06,28.71,9.08,8.03,0.03,0.01,3.87,0.12,0.04,10
"Oceanic","LK","Summer","Jul","FL",30.17,0.49,0.22,35.46,1.15,0.51,2372.45,10.89,4.87,2410.36,72.38,2047.01,20.92,9.35,2079.83,69.46,468.8,40.35,18.04,7.99,0.03,0.01,3.8,0.15,0.07,5
"Oceanic","LK","Summer","Aug","FL",30.39,0.34,0.12,36,0.31,0.11,2386.78,6.27,2.22,2386.85,19.85,2047.01,3.36,1.37,2050.5,21.27,447.78,9.75,3.98,8.01,0.01,0,3.96,0.05,0.02,8
"Oceanic","LK","Summer","Sep","FL",30,0.47,0.19,35.2,0.8,0.33,2378.41,18.77,7.66,2433.11,43.57,2039.45,40.48,16.53,2086.02,33.36,439.02,54.27,22.16,8.02,0.04,0.02,3.96,0.27,0.11,6
"Oceanic","LK","Fall","Oct","FL",29.22,0.36,0.14,35.48,0.36,0.14,2376.46,7.79,2.94,2411.62,27.5,2041.21,7.99,3.02,2071.38,20.34,432.83,20.56,7.77,8.02,0.02,0.01,3.88,0.13,0.05,7
"Oceanic","LK","Fall","Nov","FL",27.64,0.24,0.11,36.06,0.3,0.13,2385.01,7.66,3.43,2381.36,26.11,2060.54,40.53,18.13,2057.55,54.3,441.76,72.94,32.62,8.02,0.06,0.02,3.7,0.33,0.15,5
"Oceanic","LK","Fall","Dec","FL",26.01,0.94,0.31,35.8,0.73,0.24,2379.11,9.48,3.16,2393.19,49.72,2049.54,17.04,5.68,2061.71,47.31,395.79,31.83,10.61,8.06,0.03,0.01,3.73,0.11,0.04,9
