"Zone","Sub_region","Season","Month2","Region","Tem_mean","Tem_sd","Sal_mean","Sal_sd","TA_mean","TA_sd","nTA_mean","nTA_sd","DIC_mean","DIC_sd","nDIC_mean","nDIC_sd","pCO2_mean","pCO2_sd","pH_mean","pH_sd","Ara_mean","Ara_sd","n"
"Inshore","BB","Winter","Jan","FL",22.6079,2.06394750336986,35.6618238143539,0.770034271013319,2424.28184163148,34.6082008412764,2448.36612683031,74.8787933755373,2128.54688370586,49.0934242481591,2149.91109097718,83.0742424096646,418.000599439448,36.0074662601603,8.04778346593379,0.026854041626955,3.34069565545228,0.175375939174446,7
"Inshore","BB","Winter","Feb","FL",22.6994525,1.30022638557996,35.8054744310236,0.404836325949801,2420.9583764518,41.987349691249,2434.40847736733,63.5257561232502,2089.65007159359,39.6613803868669,2101.30799352739,59.409037365934,355.861502685254,21.1762847624702,8.1031690208826,0.0248908428610259,3.69603473919021,0.116018307257809,4
"Inshore","BB","Winter","Mar","FL",24.2116666666667,0.357640415314973,35.9867856896784,0.909101381827126,2421.09427530681,63.6928707482359,2424.42255543372,125.4176998669,2074.02754880557,69.5612868711834,2077.13011817723,121.334493050756,356.270376752935,40.8655246858637,8.10211498544361,0.0388256432866644,3.88169007923765,0.248338860545105,6
"Inshore","BB","Spring","Apr","FL",26.3142144444444,1.37379657769183,36.6286967615177,0.42277833528979,2349.21343929672,36.1995509491201,2309.28270043393,58.2480212917281,1966.83079956432,59.2982198420843,1933.68919693174,78.5430768433587,317.716324763766,44.5464766228872,8.12647597183821,0.0452737051931215,4.21249318587698,0.3255457613891,9
"Inshore","BB","Spring","May","FL",27.13115,1.12509683583236,36.3473606528528,0.726642715613661,2364.05020966611,23.3987452716772,2342.23986439651,64.9522411717602,1984.34922801531,60.6882570396718,1966.46970889374,91.8283652061847,335.628917301459,61.2511368728361,8.11114912429446,0.0591206245872436,4.23001675859759,0.335997499848042,4
"Inshore","BB","Spring","Jun","FL",28.9454375,1.03809948042083,36.4277693138647,0.677490561603933,2268.14804891206,83.7529198658568,2242.17322843169,96.6799221595848,1925.90263523478,82.5321801307818,1904.26369872454,101.240608230819,387.533703852616,47.9229104935464,8.04221059197051,0.0381205063293498,3.82230176471359,0.285469519100194,8
"Inshore","BB","Summer","Jul","FL",30.917165,0.771381059474932,36.4342262669793,0.330326973578136,2324.69329675882,50.8472125412353,2297.08081868557,58.1739778786311,2009.95816809884,41.9153347144625,1986.17381012092,52.5920094413328,501.038913614074,60.1496656157863,7.95949770322032,0.0439841083337521,3.6307470926425,0.30699848340979,10
"Inshore","BB","Summer","Aug","FL",31.37055,1.40936823080414,35.867098010131,0.934973071836877,2334.36405024161,51.2105457782377,2344.85264446147,106.822189406784,2010.44050349429,101.149405124953,2020.68705163987,154.029046191863,498.652234396141,137.602567122921,7.96998377755071,0.0866695278661614,3.7669105487026,0.626217369057032,4
"Inshore","BB","Summer","Sep","FL",29.1123166666667,1.5365804793979,34.6061106235805,0.873878699883008,2370.08815493875,41.462345401917,2466.26961306103,57.0130465898254,2105.84850040324,52.7226561066775,2191.83107019826,81.5527804109513,597.109236172361,108.28260575218,7.9137769467344,0.0692765262872201,3.17052448467305,0.482335311053483,6
"Inshore","BB","Fall","Oct","FL",28.8861714285714,0.270162140909774,34.6358045982987,0.523729522208342,2390.06225778522,68.1534735618822,2484.78594227217,90.0703599386595,2125.69725918599,72.3091079714979,2210.1157062692,95.0054918475953,590.849413514391,52.9266373898021,7.91728930781782,0.0261268857855311,3.17328182642615,0.142300120703065,7
"Inshore","BB","Fall","Nov","FL",25.301075,1.70864831482374,35.5408630785102,0.469823366944704,2405.36004728758,48.1276420321732,2436.52541531377,53.1057681297663,2123.67813943814,49.4273232710611,2151.42703556053,63.2741445236663,491.018182694614,56.1270303678,7.98641312426446,0.0439654423999009,3.24842545248756,0.326163910203943,6
"Inshore","BB","Fall","Dec","FL",23.58611,0.884145267664389,35.5735025904578,0.741029264260191,2413.19675908433,28.8277364339505,2443.07245699356,65.6142829365185,2114.68936966604,43.9225899530502,2141.15066305205,77.38876521611,424.349340514602,33.6848810315397,8.04016644660556,0.0225756723159001,3.38454819026241,0.174442203334742,10
"Inshore","UK","Winter","Jan","FL",21.88252,3.13792663387077,35.7815873154415,0.898432250849662,2450.9368551694,86.4887517625234,2468.4965330684,139.405299123114,2145.16658470515,99.1917533590674,2160.78569432246,142.526751139075,399.090635573456,60.6363101208569,8.07046323495375,0.0544915065468761,3.43757170183614,0.191878864444292,10
"Inshore","UK","Winter","Feb","FL",22.9757575,1.38232901337742,36.0445995896298,0.221012598560234,2403.67575164117,50.9718334298597,2400.46180271196,43.59237539796,2049.27742480575,72.966747846149,2046.43936129499,65.6184477163234,322.331791197232,29.6925284441198,8.13439288314735,0.0241653487279272,3.91653234786203,0.241800819013446,4
"Inshore","UK","Winter","Mar","FL",24.428,0.713329517123748,36.5539652206839,0.426970541867911,2413.42391792024,40.0955198956007,2377.33350247026,66.4483906680211,2052.45498609519,57.3625395995992,2021.96323777778,78.9701490359032,341.680761443808,46.0426101456993,8.11428312956342,0.0444933065789826,3.99539682341731,0.187154687268732,7
"Inshore","UK","Spring","Apr","FL",26.9160730769231,1.66252828429767,36.7770060884226,0.320432669210398,2321.98217911589,48.7214803270737,2272.98669366617,54.3422119630323,1893.77775479751,72.6616611179944,1853.84707015242,75.1183831618532,262.918574137792,47.7752110180533,8.18632265522462,0.0563197236094602,4.66625348269229,0.260647068618832,13
"Inshore","UK","Spring","May","FL",27.5224666666667,1.40872623694835,36.9483122300346,0.348095711236478,2328.47300076895,49.2029076705602,2269.08219111466,68.5881533845261,1914.42967579187,52.6684586175382,1865.67716603337,68.1958384843311,287.760992865951,43.4823927007471,8.15395119182926,0.0506771987784868,4.53322269650893,0.200810754474287,6
"Inshore","UK","Spring","Jun","FL",29.04541625,1.06583322085771,36.4848135121199,0.409818445964469,2334.66338137489,44.6342024905516,2304.05567781427,64.8690996123062,1969.72931227992,53.4533162066192,1944.05747789668,71.0192070206505,373.348387672379,32.6985577260229,8.06410974305892,0.0250551348735402,4.10239738066585,0.229530481803281,8
"Inshore","UK","Summer","Jul","FL",31.0098615384615,0.900788330240482,36.1926992287303,0.652461025857866,2341.92349107795,55.6056366617453,2330.13520135291,74.1406736090118,2003.02007015021,28.2397215181355,1993.00984243145,53.8494020178439,455.380978075866,51.3064264540162,7.99616226877247,0.0495885250672212,3.90807087090714,0.417775977576127,13
"Inshore","UK","Summer","Aug","FL",31.6002833333333,1.15842332576078,36.3709418253367,0.282105463685639,2357.58788268834,32.1730919853183,2333.65146614325,46.3953431038892,1990.10793262496,28.3384905130313,1969.86250437314,37.7047397781628,416.667424946477,44.0892023534039,8.02730773382277,0.0408068913240687,4.22184503122413,0.173088101374821,6
"Inshore","UK","Summer","Sep","FL",31.428,1.69893662820797,35.1075443188902,1.32249820332234,2334.55859985835,48.898125790151,2395.59121605023,68.7712881742666,2049.12648065791,60.9053933123696,2103.42687235578,95.5461378356666,574.916782126838,81.1442617744678,7.91652341622402,0.0487116545902879,3.40420559914106,0.439787129524194,7
"Inshore","UK","Fall","Oct","FL",29.2827028571429,0.31199957915112,34.7777890917729,0.428137066008965,2371.62231815679,51.1025905207411,2455.00962798623,55.5550033870646,2100.46604703053,69.2957596675176,2174.52679276875,80.0868284360804,579.288429889919,94.161005576189,7.9232863337253,0.052363770865724,3.23812165659975,0.302820823499719,7
"Inshore","UK","Fall","Nov","FL",25.1695611111111,1.37283326959653,35.7034918114872,0.593102938399705,2434.71044984401,44.5543673692124,2455.416905901,62.8621192824585,2169.9446385948,67.8770041033931,2188.81571527384,90.4739288943327,551.138818160091,97.7426174077725,7.95192872592405,0.0643543733986655,3.08332946778026,0.385252335990261,9
"Inshore","UK","Fall","Dec","FL",23.3999636363636,1.32843475735373,35.8488326299579,0.720479696756005,2448.60922333672,73.6832199062254,2460.70130389658,117.2002907402,2151.09650769452,102.074753667546,2162.39170912665,142.476282672822,441.968773029204,66.5457703614243,8.03226939254203,0.0396353803022936,3.37788167382113,0.284090720824916,11
"Inshore","MK","Winter","Jan","FL",22.4457,2.05235097022902,35.9142528132524,0.355189822605915,2449.71501161825,106.778221886444,2455.92969131671,117.80391202662,2152.09599851697,98.0929247086201,2157.66340049305,109.510419211805,425.118261115708,51.6071985536076,8.04571378802529,0.0515282949442942,3.36159752676138,0.325424582315055,9
"Inshore","MK","Winter","Feb","FL",22.9570216666667,1.688890025199,34.7074345900328,2.06132249233831,2447.74460588012,88.494923178831,2549.92182243982,234.990545404508,2093.72465285631,96.1734606634237,2181.47137147534,214.244667458423,323.422662017148,30.2916284793667,8.14459732237471,0.0427455265602824,3.99955850019555,0.202889390832155,6
"Inshore","MK","Winter","Mar","FL",24.7114285714286,1.38142364454728,36.6868464465866,0.402810241252082,2414.77201825853,34.1347845071796,2369.93982521767,58.7123878231313,2060.32691906527,43.6968307096065,2022.13079528494,61.498083324427,357.014304812718,46.2283171514948,8.09844557592237,0.0440208607862685,3.9314512509304,0.162857527267817,7
"Inshore","MK","Spring","Apr","FL",26.6217691666667,2.06303331845239,36.826349713176,0.609779192770649,2346.95028160182,40.4021746564824,2294.74476167751,56.3357249022263,1943.72660050593,56.1515979729488,1900.44207055179,62.5231928969477,296.282503722569,50.2501944183528,8.15065639970931,0.05926782293214,4.42157361814275,0.231481711872607,12
"Inshore","MK","Spring","May","FL",27.5613875,1.71694371023256,37.0804006165357,0.339548073260638,2312.21297129431,37.143828930397,2244.97455009817,48.6294788654955,1899.93174266226,52.3991400294764,1844.79490305612,61.6549612666204,288.791757021004,56.528693665362,8.15187062923768,0.0618532819481306,4.49570753756166,0.277940260901835,8
"Inshore","MK","Spring","Jun","FL",29.640238,1.19316247442429,36.6565848098484,0.590200325349101,2261.71380332875,85.3219904834201,2220.9830763082,73.7500230916957,1899.01860753617,85.4711093535503,1864.99447838638,81.4119158253048,368.923247085367,74.401331432674,8.05997077130283,0.0708535885087319,4.03338536761453,0.488625826125445,15
"Inshore","MK","Summer","Jul","FL",31.4616,1.10283545381068,36.8511253978641,1.10688877504078,2238.31362507736,102.237750388707,2190.18233694015,151.539973955391,1922.30409208768,94.0652765377604,1881.33216340801,138.958626777721,476.549058700503,69.5722228083743,7.96220534125548,0.0512630941514459,3.57870690385904,0.332346396577602,12
"Inshore","MK","Summer","Aug","FL",30.8411875,1.28199233832957,36.6593413722305,0.506105095261083,2255.60769517445,117.768941874783,2215.98370893986,133.801642081152,1921.24127343629,94.7416870808691,1887.56355476874,110.38455534262,430.209542092971,44.2944749774706,7.99996043516439,0.0486713991862491,3.77295378949818,0.417613210244723,8
"Inshore","MK","Summer","Sep","FL",30.481,2.17178544290176,36.1995848744517,1.16578958768468,2283.5013851464,95.2510966292655,2274.29220407406,147.78727216391,1989.57752132261,111.122499525275,1982.52449347916,161.926665623665,520.973499512292,64.8443281505379,7.93991404648629,0.0407598575952693,3.38613918190286,0.396519676580202,9
"Inshore","MK","Fall","Oct","FL",28.959362,0.376196738416956,34.7299965752739,0.488938953871321,2350.86313153771,41.9469534786683,2436.98370562387,49.909076492881,2052.67957151963,51.2550951013182,2127.80871284036,54.0294848877878,495.759049619901,88.2683523528196,7.97725536779807,0.0653488339133325,3.50446040024183,0.414222851406292,10
"Inshore","MK","Fall","Nov","FL",25.8490444444444,1.49729452856737,36.0641203478216,0.436945042831261,2370.3454080482,23.3498704865427,2366.21505472994,31.9653812946005,2077.8289297116,42.7627921683648,2074.44732443385,57.4132749360965,469.972859086349,54.9418235047524,7.9949004690318,0.0418065186187194,3.33051216377963,0.381862934672101,9
"Inshore","MK","Fall","Dec","FL",23.1515142857143,0.619895897894455,35.575032483331,1.57960207327401,2441.49605545843,59.563570488097,2475.53934917675,137.453076213316,2141.75987245856,69.9371018667936,2172.08338853877,137.755657970646,425.943424175715,48.6528398072592,8.04463105273427,0.0364763301893126,3.40214115773531,0.225025680802865,14
"Inshore","LK","Winter","Jan","FL",21.8541545454545,1.87240750124733,36.4117403604629,0.946626768944533,2372.27269198494,81.2375128333978,2345.87635906271,75.5520999551331,2106.1383938254,78.6462496125151,2082.60206616857,70.9602465068351,460.531783552706,67.8756779175441,8.0053987831871,0.0558987728213417,2.97610384854727,0.282534981541619,11
"Inshore","LK","Winter","Feb","FL",22.76896875,1.99268965874509,35.4384110901818,0.683353415974546,2420.96744531907,47.3786268101779,2459.84233363588,62.1920015482411,2101.29914888998,50.2968938233399,2135.42992617836,75.0040057123188,375.109102349165,37.6406135827145,8.08636852995781,0.0369965257929182,3.59656760451466,0.404710272817492,8
"Inshore","LK","Winter","Mar","FL",24.3858888888889,1.51043614929964,36.3915473394674,0.546729864338419,2384.59167401383,36.136923172971,2359.44329503589,60.0653001617802,2035.91512264352,49.4388680522679,2014.81880440088,75.8233125194138,352.235693690542,57.8385590839117,8.10149117437171,0.0624559614241401,3.85998553861996,0.414737902893824,9
"Inshore","LK","Spring","Apr","FL",26.6947766666667,1.88131558468262,36.2583333242361,0.685759835800404,2293.27249074528,67.5440120709387,2278.35560220568,102.396528941107,1935.43080723977,82.2446451247514,1922.98630955299,107.708856969887,338.001494102778,54.3035418750155,8.09829281916928,0.0556556047637038,3.95248210874507,0.304100814815681,12
"Inshore","LK","Spring","May","FL",26.9876428571429,1.5840834551428,36.9548845338155,0.354579116896301,2224.86774647828,58.4322544277397,2166.94778272073,37.4278237783424,1872.19251005551,59.387150370305,1823.39319844182,42.6421364686922,332.414263146542,41.7713882823353,8.08917138796543,0.0403579093213169,3.82570158980167,0.259639037279746,7
"Inshore","LK","Spring","Jun","FL",29.29541625,1.40007220160426,36.7162108642363,0.600901326516325,2246.86497385646,75.5702223830008,2203.47380378072,83.4775554809451,1917.9912322145,69.3701294482601,1881.42572229178,86.6865462708611,417.842620801096,77.4888887432226,8.0143197699152,0.0675339748214487,3.66675604387531,0.396074580252872,16
"Inshore","LK","Summer","Jul","FL",31.0031888888889,0.88142314248669,36.1012338601697,1.36297130488218,2224.933336289,108.612619395135,2221.71535791379,142.431104430101,1941.92831736672,89.9319237839643,1939.15630966818,121.373842282478,530.235450447461,59.7352905412292,7.92387218808512,0.046967405939713,3.26132032226944,0.380777982716498,9
"Inshore","LK","Summer","Aug","FL",31.38305,1.1376735630712,36.4133209782826,0.390390196703901,2182.32182618107,67.0371942731408,2157.56618695091,67.9057724595921,1905.1108702661,74.2896784169949,1888.61003333833,73.782047873454,512.38232365477,114.830868331004,7.93502455272994,0.0742498804562059,3.30651032099046,0.452589254459815,10
"Inshore","LK","Summer","Sep","FL",30.1670333333333,1.75344058496432,35.7168939431474,0.818668843524587,2266.85758343486,100.201374996753,2286.94110267052,137.515204722611,1987.70299179254,100.208918758496,2005.77773785638,137.165644422314,539.244620330496,77.4555150541617,7.92769636706893,0.0564717295027177,3.24034626708083,0.353577372396977,9
"Inshore","LK","Fall","Oct","FL",28.4085916666667,2.67722164378003,35.3958875767501,0.783182329926745,2272.21959612084,73.5578019771442,2312.63055948035,109.072774340879,1998.91277670566,73.0266061342573,2034.75215219469,108.333199687436,516.18439390579,75.8993097502306,7.94771087934525,0.0580534285662249,3.15891230172928,0.208111433455744,12
"Inshore","LK","Fall","Nov","FL",26.0501666666667,0.658444895188656,36.5480675217873,0.672166052813229,2350.19319325572,38.7027516009487,2315.49075913454,57.397782257281,2084.37501607773,32.4017924348639,2053.70562440642,54.406502171165,533.509655390696,41.9740973017117,7.94393683606187,0.0322229775494219,3.03416004600423,0.201691206724402,9
"Inshore","LK","Fall","Dec","FL",23.1509106666667,0.682818800377907,36.0281910094318,0.720543040743694,2340.10781021342,92.6928222865458,2339.38637833627,111.321672897175,2053.28515332067,78.165233381384,2052.80183611151,98.1862446000336,421.50169957752,47.5315324619059,8.03074609685234,0.0435225435153665,3.20190459886729,0.337705174147991,15
"Mid channel","BB","Winter","Jan","FL",24.2442285714286,1.39839237425729,36.1699491453711,0.36866641526181,2385.80854950615,22.3900436066663,2374.72387004239,38.8938641175706,2066.57068955263,24.9236187504056,2056.97385579693,37.4700199967706,391.466690548174,11.6680788115698,8.06152380407137,0.0142424524202281,3.56956806677582,0.0660467026678809,7
"Mid channel","BB","Winter","Feb","FL",23.6107,1.09658770283092,36.0103384987904,0.179718499491,2388.40952726009,18.4394117111872,2387.57033298461,16.1280442340784,2067.45667703442,20.8620047711217,2066.73579899242,20.2321439810986,377.81006253114,7.69738643704807,8.07538320153164,0.0100558596205012,3.58161149579999,0.054606383066657,3
"Mid channel","BB","Winter","Mar","FL",24.42,0.189048142016789,36.4420813329407,0.105198933978912,2393.18803608003,18.1611544669768,2364.00910964973,18.7991154465091,2056.15758578271,16.7021199995827,2031.08690470815,17.0495785852399,368.836067286324,11.2457603302876,8.08254540735573,0.0114093625445778,3.74571390616079,0.0862586148872406,6
"Mid channel","BB","Spring","Apr","FL",25.9844111111111,1.08145482619992,36.4543097544295,0.219224473288472,2374.58648004452,27.146923436535,2344.97506235443,35.412135989832,2024.27267947384,43.7822837482483,1999.12868116288,51.8946062486827,365.608921175002,33.799382776099,8.08190457318318,0.0288682937618953,3.90441490917645,0.214269463122562,9
"Mid channel","BB","Spring","May","FL",26.64625,0.842661804442722,36.383194536042,0.12540665242899,2389.94373531597,6.2270190745033,2364.63427166487,10.6212654922908,2038.10520661379,17.5463420301825,2016.55719360571,23.3896147285211,376.431719525646,22.5382759415096,8.07283558944274,0.0204676333518167,3.94990093609022,0.157171985455715,4
"Mid channel","BB","Spring","Jun","FL",28.6692,0.973598839358388,35.9890603704628,0.464039717298541,2354.67569142298,23.9030744719127,2355.6167418798,43.8062624443794,2014.28344818098,31.0504987081566,2015.10171167173,44.8717987545048,411.38983405613,25.0660461327221,8.0355072552468,0.0188773820712601,3.87892561281805,0.0802770081428829,5
"Mid channel","BB","Summer","Jul","FL",30.28958,0.542777248765806,36.0076862052663,0.467273749367385,2369.75445415052,16.5879691737552,2369.39431520477,30.5559463304904,2043.04700025469,17.6972837778542,2042.85435143723,36.7283155776727,474.531311514908,42.8877850303507,7.98679082579133,0.0316074641426517,3.78713013086492,0.192277402604429,10
"Mid channel","BB","Summer","Aug","FL",30.88045,1.09043502481043,36.2774662939032,0.139946514536795,2358.79270852174,28.0233416081098,2340.61624641297,28.9364274360489,2023.65571883205,21.0759611735086,2008.07554510852,23.6594140864508,465.114557963269,24.795829982911,7.98964829086077,0.0217859271922107,3.87141131522541,0.243299887298187,4
"Mid channel","BB","Summer","Sep","FL",29.3517333333333,1.02413953476402,35.0640015060072,0.909196041842767,2365.7576223123,31.1487576507129,2429.68313368187,50.0248794790262,2071.55809182726,45.7505233869782,2127.91755458532,72.3141461894564,518.251283499293,56.3601069264559,7.95922539480348,0.0350192206030174,3.46456909275608,0.305071776971233,6
"Mid channel","BB","Fall","Oct","FL",29.0411285714286,0.37686061399535,35.3225005331815,0.421865114617962,2374.71364032807,16.0480482312331,2420.37308818936,31.5950172047491,2061.04923513157,30.4700977382015,2100.6842047,39.4348247117775,472.437037761134,37.9122438610051,7.99233073868624,0.0261144307862423,3.654951650707,0.169767506709239,7
"Mid channel","BB","Fall","Nov","FL",26.7767333333333,0.610536900331721,36.0883758107431,0.281095255420566,2385.89512461252,15.4027167402595,2379.99128403517,21.619154225534,2078.4895816746,32.7643972478419,2073.49326441932,44.446094967024,461.583946381163,66.8979254479809,8.00413915697044,0.0525792566349057,3.50820783438889,0.282954006490044,6
"Mid channel","BB","Fall","Dec","FL",24.7084625,0.472089697704336,36.0109277991073,0.398247754894739,2394.10698713741,18.0912053697684,2393.5073346203,34.9341288928795,2079.0606724056,24.7633034644084,2078.61893111273,40.8840026059399,408.47705487318,24.1449899489058,8.04823092672846,0.0195026104156948,3.54805056243132,0.106419486721073,8
"Mid channel","UK","Winter","Jan","FL",23.9090285714286,2.65733891372195,36.020665622651,0.457181795619943,2400.69159252617,39.9198695155783,2399.71384490452,62.0122541840714,2074.44530039635,46.3181684148265,2073.661233026,64.3274955428625,377.473997084523,18.8871742374799,8.07747204347963,0.0270613640801114,3.64999371398101,0.103557230926592,7
"Mid channel","UK","Winter","Feb","FL",23.4461,0.775413296249167,35.8666441767948,0.107035510678808,2383.89047411551,0.995972484492533,2392.60072177603,6.14054284078515,2051.80656377005,9.1047844671024,2059.31836377969,15.2835647510572,354.007007824471,3.73901312394003,8.09803545714691,0.00273499501819869,3.69485068494409,0.115470094005631,2
"Mid channel","UK","Winter","Mar","FL",24.7965,0.939079496102434,36.4256830566254,0.201218137275027,2380.3679937757,17.5335803970412,2352.37311594074,5.90031780413113,2029.9222850355,29.0164134006716,2006.06344500593,26.3930482930127,350.665120227063,39.3771511102952,8.09943962709426,0.0418460069179474,3.88335545644714,0.221835709773046,6
"Mid channel","UK","Spring","Apr","FL",26.40566,1.33521279128085,36.4213398814252,0.202999286490446,2381.09796065193,5.85257224668028,2353.43110212962,9.42980664344037,2009.627903771,33.8240306557452,1986.28838049181,34.8715503540993,343.320766947577,53.8948415069982,8.10645203781687,0.0591354642208462,4.13759607185848,0.290562691309848,5
"Mid channel","UK","Spring","May","FL",26.8372333333333,1.13883601248526,36.5928700391297,0.225170972836927,2393.82569984382,1.47856790511049,2354.9442967906,15.3504726177007,2012.39628179645,35.9793854176157,1979.85280067424,47.7062292440789,340.879306474027,68.4035171829061,8.11018418205237,0.0666024701462388,4.2493799526053,0.322738233130247,3
"Mid channel","UK","Spring","Jun","FL",28.9162666666667,0.949611994448259,36.3164623128628,0.171136882957386,2375.21121959634,15.1844341074236,2354.36766731701,13.3535600362445,2024.82131614006,18.3497986010217,2007.12752505912,25.2318769858987,409.395120882908,31.3858824697936,8.03922586240436,0.0269595817106132,3.98665045657368,0.257745499471016,9
"Mid channel","UK","Summer","Jul","FL",30.7223888888889,0.770222403667351,35.8159646476233,0.486065239200264,2362.10430808384,12.9009629992117,2374.37230400521,26.225385813085,2029.69601277988,13.4402562550304,2040.39147133074,35.7328445846824,464.145247268127,33.6228034427242,7.99303908613681,0.0256006569006892,3.86231505059294,0.139753794346433,9
"Mid channel","UK","Summer","Aug","FL",30.7469833333333,0.491166622271233,36.2369257688458,0.0688984376959372,2397.86738082084,21.9118283568701,2382.00969329967,18.0173184574311,2038.67245287588,17.3434774656812,2025.19123825953,13.9695728157963,429.736218936719,7.90679570187562,8.02305351355208,0.0100660170054678,4.14662934558795,0.0467900222939991,3
"Mid channel","UK","Summer","Sep","FL",30.3076333333333,1.75948854576171,35.1503006397134,1.01588196381783,2367.89201163567,24.4433132155548,2426.27600666652,57.7447625848992,2057.72283490367,66.302328962581,2109.00064705236,96.4923196668035,508.784928619751,99.5399773889526,7.96764876418077,0.0614544270113771,3.65764850497551,0.57216312817024,6
"Mid channel","UK","Fall","Oct","FL",29.4915333333333,0.149558305241356,35.0929333783004,0.1484760769477,2372.20349161718,15.1024979697725,2433.42417342523,23.3434272120055,2056.35776526908,26.3500980850373,2109.44055003705,32.1179078657282,472.190978694992,37.0095799451669,7.99233149890465,0.0264625267981948,3.69824379922597,0.173787946825376,6
"Mid channel","UK","Fall","Nov","FL",26.63386,0.773427655311083,35.766693612433,0.39921293781164,2370.71634419476,23.5491511258713,2386.1692700093,27.494535913269,2074.76934550503,46.560019850139,2088.47576264831,57.1685399288388,473.580659848117,65.8108916953006,7.9931023259576,0.046547630642191,3.39332451802361,0.338786103552876,5
"Mid channel","UK","Fall","Dec","FL",24.6547125,1.13145682253014,36.1663441136048,0.228403722488268,2395.77099936706,12.7464069032668,2384.67395433762,19.7997476893184,2076.51772250431,27.2446765405775,2066.92026994453,31.7107738308605,402.082239608465,21.9832720324594,8.05347288654366,0.0180260300591447,3.58519212172356,0.18942697680455,8
"Mid channel","MK","Winter","Jan","FL",23.8831777777778,1.74495514109803,36.1174662826545,0.261990964102253,2422.79568926217,71.1577664564497,2415.13619303615,82.6339957571778,2110.16569461089,85.2757197765892,2103.55938252514,94.3775221558298,411.206363997019,39.0948969974171,8.05116757865663,0.0290490209222413,3.51832272747611,0.192633071373826,9
"Mid channel","MK","Winter","Feb","FL",23.4961,1.32356135105253,35.8925807244611,0.44775031217869,2393.01153414684,42.4058881406128,2400.68659992051,69.1928420865564,2058.75451687751,41.1392902600966,2065.40642205853,64.389378763211,354.555953571994,16.1878067150963,8.09900046780697,0.0221637335234736,3.7223943547065,0.110320663128217,7
"Mid channel","MK","Winter","Mar","FL",24.3094444444444,0.80044645528466,36.5562894345084,0.162976700858463,2399.71363025928,16.6971411703631,2363.10479815897,23.0010713196963,2050.76942657935,20.3147862184837,2019.41166200541,16.1292793281212,355.118159320266,47.8512134686572,8.09932397471889,0.0545029254866901,3.86399211014011,0.322124134677393,9
"Mid channel","MK","Spring","Apr","FL",26.3735833333333,1.27431537971167,36.5310646101632,0.376627662268497,2385.92989945367,10.9271713149795,2351.36798047651,31.2537817496954,2014.99441974546,20.4620118476499,1985.85403465084,35.1042488999598,343.821494891677,33.037501493522,8.10426222935006,0.0363488265338291,4.12903262294442,0.213097016954141,12
"Mid channel","MK","Spring","May","FL",27.41593125,1.27620099372471,36.726834066031,0.387888909285184,2350.29032104492,42.9387753021035,2304.11273102831,61.1853087612421,1971.19183941245,65.0636144623051,1932.67926283692,80.1234134136701,339.923669907924,62.7192539152739,8.10379009951281,0.0580866348543048,4.20182378900926,0.298592339077941,8
"Mid channel","MK","Spring","Jun","FL",29.5064615384615,1.0371377773617,36.3899125606399,0.337058650689633,2310.49453825645,88.854528235739,2285.34670707754,78.5702504233416,1962.76958876886,77.1990301559945,1941.41380564985,68.8981493930184,401.314582725568,42.443604547969,8.03568030986995,0.0403530210749728,3.92626100307866,0.315265030080002,13
"Mid channel","MK","Summer","Jul","FL",31.2295192307692,1.11702953622887,36.181037635717,0.640201986274161,2303.70402109138,66.0790820556615,2293.1727935567,91.2461398902943,1978.80051381635,57.2593929451033,1969.94546266145,84.1411807990673,469.732228861101,40.4992246604508,7.97817028022907,0.0324368298926169,3.7410590893879,0.225249647548867,13
"Mid channel","MK","Summer","Aug","FL",30.9791625,1.02238694650942,36.2637830140845,0.285570135266747,2335.34568791814,57.6648266353818,2318.34527949515,60.8639769294695,1983.64210876445,48.3785031025242,1969.29713309014,55.0061563907255,424.059884784424,16.7649515670126,8.01767608389768,0.0196411163325022,4.03021552483081,0.220132151166651,8
"Mid channel","MK","Summer","Sep","FL",30.4618222222222,1.19943169123733,35.5527455748951,0.879086287498999,2321.11839494296,62.6343842175733,2351.93984965396,99.7276802233057,2012.6313784467,61.0350188447932,2039.50700898116,94.5614393417649,489.869242710872,23.0838141223971,7.96835205052217,0.0224776024691021,3.59148910129905,0.14535427253491,9
"Mid channel","MK","Fall","Oct","FL",29.218121,0.50833240783413,35.1866812430831,0.269803587178615,2376.56515898427,23.255576073084,2431.49517866949,33.1594847120519,2050.49831291975,30.1118930046231,2097.95856183768,40.780271402044,448.884151948564,36.1564713321565,8.01078644693552,0.0269950582637868,3.79701085435348,0.206319068450094,10
"Mid channel","MK","Fall","Nov","FL",26.6665333333333,0.887845080799573,35.9049793118674,0.445566963891634,2371.06281839988,21.3908515759443,2377.34862005115,22.6764665583422,2063.23520525337,39.2055475997819,2068.94786488917,51.9974866774847,449.890174736458,53.9650177740426,8.01042665818916,0.0404060201144874,3.5102029689171,0.346576013383913,9
"Mid channel","MK","Fall","Dec","FL",24.1992,0.650232662502135,35.9525189760314,0.563782794638104,2403.57188840867,31.9267129736527,2407.07737022002,46.8009956760253,2092.59269451873,49.8754670567631,2095.76292739776,62.8304237995812,411.881083496863,41.4342863748361,8.04829532597006,0.03066608264547,3.50366355593024,0.195716812024872,14
"Mid channel","LK","Winter","Jan","FL",23.2321416666667,1.95056628908275,35.8534934348624,0.964821523028442,2379.00340616793,54.25939800962,2389.40406117185,55.5427702066091,2095.14520793608,46.9951113823497,2104.9150911863,71.5627215455688,442.459484419192,54.8564411756645,8.02032485684569,0.0440281018181597,3.20135574524321,0.365938518186211,12
"Mid channel","LK","Winter","Feb","FL",23.1735411111111,1.49745535206767,35.767202200795,0.633463023863527,2419.35003472951,46.4931723757776,2435.22832919467,43.8277036482492,2093.80521943722,50.2182282360003,2107.89544602879,63.3086362051251,374.220096361188,42.1130643099069,8.0858062790929,0.0379374239404823,3.6494284083575,0.384235557715134,9
"Mid channel","LK","Winter","Mar","FL",24.7752222222222,1.31603730739081,36.2397136683064,0.385866827843762,2396.11793303916,37.0231907260688,2380.39662607863,47.8440894761981,2063.5795927796,38.4813108997619,2050.10596298892,49.5936853585303,381.663420290253,32.2897435203385,8.07215305293724,0.026578506951742,3.7193181372453,0.114463640069776,9
"Mid channel","LK","Spring","Apr","FL",26.4986325,0.997022699706253,36.3113632546948,0.333770822826939,2354.74418398454,42.7869494713012,2334.65221231546,51.1850802134099,2014.02831749471,64.8621746912915,1996.90519177216,70.9242085141063,390.626753902068,95.7658086272624,8.06231981318967,0.0796199463316752,3.81353122803656,0.451407518044551,12
"Mid channel","LK","Spring","May","FL",26.7474142857143,0.978230563191472,36.7960608012941,0.165954423666911,2294.44910967475,62.1627567273584,2244.77988424187,65.1471292333008,1946.11475776579,64.4738739435504,1904.03258603198,67.5936185937731,356.258870071513,33.5771977135872,8.07629219494639,0.0246945671109052,3.83243692000645,0.237411591512322,7
"Mid channel","LK","Spring","Jun","FL",28.9025626666667,1.21182617385302,36.3822360792465,0.335759403332379,2334.69599002034,45.0571484159918,2310.05687661866,42.2890924378766,1997.36906545722,42.8058533471023,1976.41303831842,46.5715147813917,419.250146190904,40.0242118175877,8.02520176797444,0.0361169211234187,3.81963464464652,0.185633566714142,15
"Mid channel","LK","Summer","Jul","FL",31.00831,1.12754790137222,35.9945948617141,0.75910380549125,2322.63142468905,54.9381186679752,2323.98709953413,81.526911350207,2003.38168728272,53.1574631755864,2004.73468557843,79.9334059380936,483.408705180688,40.1311911342986,7.97199331260866,0.0310121723277852,3.69730168614512,0.149454172188345,10
"Mid channel","LK","Summer","Aug","FL",30.9569818181818,0.572381358568187,36.1433832254065,0.266887917435731,2302.70606686847,69.6611636116924,2293.49916265478,70.3214902552028,1961.85651871885,74.2783914265972,1956.23453339633,78.6502559502372,456.317851562773,52.1989705720601,7.98701683673548,0.0351534199026266,3.72720243045518,0.19301884362009,11
"Mid channel","LK","Summer","Sep","FL",30.2926555555556,1.196693121806,35.4624377337974,0.792050582523106,2314.00675485936,81.177104913294,2351.21878758887,125.91430171315,2007.17504195793,81.9398911134008,2039.51958568515,118.550068080647,486.621368913891,34.157594349902,7.97030216774631,0.0281788162277422,3.57036270427029,0.203487884655926,9
"Mid channel","LK","Fall","Oct","FL",29.1871933333333,0.466954165734678,35.3794765219939,0.439343618987378,2358.94912422382,33.2798219984057,2400.53407073025,47.175382673503,2039.2920503613,23.9832977973393,2075.3242717422,42.1868787704474,456.631419294084,29.6539718452889,8.00117866056971,0.0255735218555774,3.70926973779398,0.233572302763111,12
"Mid channel","LK","Fall","Nov","FL",27.1534222222222,0.57903732776432,36.0824168142645,0.318282289926573,2368.54906992215,27.4001625915244,2363.05161674019,26.565424271399,2064.13463504839,34.6746517190017,2059.5034782765,43.6304613867711,467.32060115846,59.1362078391647,7.99612898089144,0.0461094206654321,3.47649830285771,0.294786029099675,9
"Mid channel","LK","Fall","Dec","FL",24.798948,0.763707284091416,36.0875099703922,0.23630551119267,2377.14477543217,12.4555983612003,2371.30765114879,19.0524163168524,2059.24591296555,17.4666936979001,2054.16210182248,18.4421950018016,400.036231707959,28.702333585921,8.05293335305288,0.0263092434641718,3.56666615227977,0.174977122896784,15
"Offshore","BB","Winter","Jan","FL",25.2369714285714,1.31286691596963,35.8669984820683,1.01834220654615,2382.58503405115,20.814628797673,2393.22411014578,83.0056416194558,2056.50053459669,25.1540641510968,2065.68288834804,73.8419176511584,390.628214553384,10.9248967105606,8.06177829355916,0.0157547712664423,3.67278200175681,0.112622980763178,7
"Offshore","BB","Winter","Feb","FL",23.866125,0.957412430338497,36.0188844449131,0.241969476757163,2375.68894551323,9.52761798881483,2374.36139171175,18.3843570099795,2046.20594037398,13.7816641899412,2045.06011319351,18.9811526870408,363.205325892242,8.47652390613719,8.08699991980966,0.0088697331837493,3.66577917155982,0.0780405478854743,4
"Offshore","BB","Winter","Mar","FL",24.6763333333333,0.310568940280039,36.4608984321435,0.123251560810261,2387.67846149289,9.39629788156583,2357.34382345729,8.18051995471462,2050.13060742371,4.01728423982312,2024.09029623027,5.49785301290008,370.447231517932,17.7514764879631,8.080055382009,0.0184775134378281,3.75234120344324,0.103508009638224,6
"Offshore","BB","Spring","Apr","FL",26.0083255555556,0.628422488758779,36.3540877294005,0.199835023909256,2384.45754827391,7.23218078064583,2361.1116610854,9.47038540861965,2053.85657448969,7.8634412833761,2033.75088078876,10.1992217802297,401.086401047598,22.6913276503596,8.050877596222,0.0209399935052258,3.71494856437975,0.0946326058704554,9
"Offshore","BB","Spring","May","FL",26.68535,0.554977197729781,36.1601298329969,0.373972184912276,2387.74360447057,6.49888365651359,2377.2180146611,27.6747104259433,2047.05036467331,14.3994176442952,2038.07432057501,31.5588639914777,392.870421597169,22.2589147515601,8.0583527097496,0.0190382190835276,3.84545636415297,0.0735699586625523,4
"Offshore","BB","Spring","Jun","FL",28.52572875,0.977441893800013,36.1682021865938,0.554800748613221,2373.03150269236,11.4701832976905,2362.44268054165,46.0839112808194,2044.56545523631,19.0171292555019,2035.52594525765,47.4812013054614,441.63435136867,36.3971132953221,8.01377593024782,0.0278246377153445,3.75477722612795,0.104086468075551,8
"Offshore","BB","Summer","Jul","FL",30.1948,0.558913986624458,35.6753260456917,0.482014324918154,2375.12549116229,22.0387146913099,2396.83883094372,28.8238504972725,2043.09174905277,13.2989180381129,2061.92203089539,33.7463596161726,459.35101958028,34.5661811086062,7.99977188919158,0.0275963479396332,3.8602563674622,0.20461167962495,10
"Offshore","BB","Summer","Aug","FL",30.6916,0.654451098249519,36.2802628783964,0.0721564224551453,2362.06316232585,28.2174011918704,2343.63967263515,25.5433000034834,2035.98598622175,13.1174141067488,2020.10852118719,9.29666685938481,482.868806981338,36.676872632522,7.97775874630088,0.0309396016350264,3.77349172029758,0.209786176944925,4
"Offshore","BB","Summer","Sep","FL",30.1523416666667,0.805209638800149,35.144866435317,0.809514101103875,2377.28142203569,24.918572478371,2436.18876099044,67.9522871289543,2053.3504073664,35.9622630131826,2103.80039922914,46.6495403182294,472.444163658774,62.0937763114578,7.99364608516446,0.0504456050160888,3.80452115469552,0.333986358083428,6
"Offshore","BB","Fall","Oct","FL",29.3228571428571,0.345771860514718,35.2789959754211,0.328264656084497,2372.42194104503,4.17894757359747,2420.90550055228,20.6794332765496,2040.55166898415,12.2386181291338,2082.3333028967,29.1378121072426,437.747005668241,25.8500039644368,8.01812221946934,0.019977989213148,3.85319514522401,0.135000333607628,7
"Offshore","BB","Fall","Nov","FL",27.3537333333333,0.333792532371032,36.1860679008626,0.44305251596254,2385.52763916142,15.127388224848,2373.4922009505,40.1137976081533,2062.84663453005,38.2136605170526,2052.62444853453,58.3608340393398,440.84001930715,63.5917963540031,8.0192400092152,0.0481932681218855,3.67317477552663,0.269627776076855,6
"Offshore","BB","Fall","Dec","FL",25.5649888888889,0.276304589377577,36.0522997594178,0.256388193419902,2383.73213161514,11.5852070141224,2380.19277140087,16.6827965398996,2059.41239183219,21.1541990465807,2056.4078887142,28.4131917889429,402.516119989089,30.8096875779333,8.05117991866458,0.0253443508115146,3.65390513046441,0.151712362268603,9
"Offshore","UK","Winter","Jan","FL",24.9384708333333,1.17698735268912,36.2024379813392,0.344127859822484,2385.30947129101,17.8663909457206,2372.06746821159,33.8770489715091,2056.87172624575,23.9793810974392,2045.44086819245,33.6504686971781,386.218414529285,8.14744570522654,8.06531849277143,0.00860306673960882,3.67684423644926,0.123981406390724,12
"Offshore","UK","Winter","Feb","FL",23.3466,0.469081997096456,35.8171897690872,0.037991400845452,2380.93715340086,3.39095393517404,2392.92674827881,1.97557147062957,2056.81762900461,11.7638394775206,2067.16886365294,9.7824947249848,364.239475476487,9.84949722254509,8.0879317868389,0.00892414326690831,3.61207055816559,0.0958049501252849,3
"Offshore","UK","Winter","Mar","FL",24.91375,0.739334401433382,36.4504914031367,0.0737709767164884,2387.57688360916,2.88941829611012,2357.91399704689,3.70692751429715,2051.96950976104,6.9257242881172,2026.47324519205,6.1128703618513,376.799928366414,9.39232173215532,8.07365185141999,0.00903770322833032,3.73864801879949,0.0773114825491803,8
"Offshore","UK","Spring","Apr","FL",26.0106909090909,0.695949567791439,36.3240646203319,0.256107893992506,2382.55938252766,4.86058987219561,2362.70839532673,15.6147234049595,2051.02916999303,12.9115681372096,2033.92766506158,16.3857886933088,397.72368435398,27.4065230086918,8.05395648745769,0.0244342111071084,3.72471892317969,0.100957219435152,11
"Offshore","UK","Spring","May","FL",26.72288,0.988533887633601,36.4210227913963,0.128562169498647,2393.34585209459,3.69663135682558,2365.5390297781,8.09041328360843,2053.72808615042,3.14754358003932,2029.87548076285,9.52554253000313,400.066340248244,22.8270851928908,8.05209853831417,0.0209019733064647,3.82658348692338,0.0507997506318525,5
"Offshore","UK","Spring","Jun","FL",28.5923666666667,0.733284118734259,36.3003901076794,0.202053803708266,2375.32098533781,14.6514063318227,2355.57748093536,20.3359287830575,2039.41714619452,11.7243361216564,2022.46200718168,16.3916531864027,430.230692891383,25.9005207239147,8.02227401619223,0.0226686139117976,3.82913888848519,0.1727483802123,12
"Offshore","UK","Summer","Jul","FL",30.5107714285714,0.643863654258202,35.8005902612228,0.570882201984633,2363.99790311893,12.5664805961806,2377.4723340133,33.4059275604348,2033.51122643291,15.3830122463123,2045.32948384851,44.3707748136422,465.262348792274,36.8529922287513,7.99296703774312,0.0271415997491768,3.83813693867435,0.155963180967012,14
"Offshore","UK","Summer","Aug","FL",30.57424,0.758610959583369,36.265586716183,0.0946964002692443,2391.2774409267,19.11931386739,2373.58796245421,15.0503255741045,2038.13942760674,18.5761114643148,2023.06015307208,15.2365655330764,435.912229488975,6.32208451307438,8.01728144017401,0.00851020559727292,4.07234331656974,0.0134951246081251,5
"Offshore","UK","Summer","Sep","FL",30.5908777777778,1.05799227995503,35.3685951298657,0.797386000855741,2374.09615814866,19.0562013294654,2417.31881525802,53.3663020003567,2040.98848907667,39.4866556160039,2078.14804863687,58.5589077065933,460.517015228409,42.2325714257796,7.99959443631679,0.02987428309435,3.89767183357911,0.23848082094851,9
"Offshore","UK","Fall","Oct","FL",29.117005,0.888248465755313,35.2745350933644,0.430452550895332,2376.1528664451,9.0844458026001,2425.17335116402,30.280929735152,2039.03275379314,14.5628555309212,2081.20645510652,36.5371941263141,425.265063204454,21.0704589760784,8.02888436912733,0.0167511155436462,3.9058712356013,0.144506471823831,10
"Offshore","UK","Fall","Nov","FL",27.5413125,0.223659175900041,35.9926675520728,0.29209494398188,2370.12062394262,16.5385333990997,2370.58241059639,25.7538996964578,2059.96887364194,38.4392737540099,2060.47806192108,47.7971356929492,461.80494652931,64.8593046350189,8.00082694843547,0.0466165062988785,3.54892833247269,0.271731025728061,8
"Offshore","UK","Fall","Dec","FL",25.4789909090909,0.333819533444481,36.1394723560269,0.188049619761282,2390.19878803348,6.14300740462886,2380.84971895357,8.84589516821441,2066.94743591181,13.4907036363777,2058.87936186124,16.9324225860668,406.241973138536,28.6350288633792,8.04869556657853,0.0252473257919608,3.64137648985421,0.158329785761998,11
"Offshore","MK","Winter","Jan","FL",24.87324,1.05479255380172,36.177038512707,0.404168620980675,2385.3381815857,18.0638981347821,2373.84888945383,38.0178560220552,2063.65537060231,20.8254291338178,2053.73442927298,36.8381524834498,396.910842927044,7.74079128945107,8.05592294015528,0.0100829089806172,3.60723251293297,0.0632090503666921,10
"Offshore","MK","Winter","Feb","FL",22.9509433333333,1.84196736010893,35.8117376060749,0.391765777267198,2381.98285701281,17.4856267646913,2394.66658278792,38.6575963791137,2059.12024645399,28.0998675742697,2070.17768002475,46.345160384911,361.071856721731,13.6963230936902,8.09151815110518,0.0150724055104076,3.59299019192943,0.212259380048089,6
"Offshore","MK","Winter","Mar","FL",24.846,0.540822059461335,36.4807655207865,0.0791058195096937,2389.06486210125,8.52025014308555,2357.43440324461,10.9520158036873,2055.6928147839,10.7868157367344,2028.48327882339,13.526827620043,380.487089849347,13.7845382335314,8.07058094744798,0.0129226179993313,3.71364975389382,0.0556441442148508,9
"Offshore","MK","Spring","Apr","FL",25.9891615384615,0.74149149527429,36.3760657911366,0.218815036898816,2383.36239005484,7.70303857853254,2358.62607241024,13.4891151345029,2043.04888883761,14.2062635931592,2021.83629181401,15.8545903174405,383.800615515895,25.8639446323743,8.06620987229741,0.0237413093201487,3.81218305567243,0.130962703234387,13
"Offshore","MK","Spring","May","FL",26.8490142857143,0.763212989993775,36.4028448416475,0.229844133286711,2386.06291065897,19.8913588604829,2359.62617725916,29.4312188537575,2047.25985020418,23.9975196999948,2024.6368545297,34.6084413680309,401.542666714812,33.1006677206142,8.05011908516084,0.0288716010974208,3.81711198457014,0.13398432246468,7
"Offshore","MK","Spring","Jun","FL",28.6346669230769,1.15019899251814,36.2327542551859,0.1869158030191,2361.90173294476,49.4180935142009,2346.46423955931,41.8301430243416,2015.80548335695,46.2017938579998,2002.60288239565,38.8414306751013,405.969208413948,25.2862481401394,8.04047015641565,0.0248144044237138,3.92981552290643,0.169755603430985,13
"Offshore","MK","Summer","Jul","FL",30.5000846153846,0.756609207634247,35.7099381355625,0.703432449958173,2344.35985416246,24.1295508807537,2364.18263221935,56.8105897739989,2016.93474869043,27.3467099572978,2034.15354552529,58.8463662249267,462.429709289307,39.3752992003517,7.99250719658307,0.0298372689196976,3.79790670772104,0.178718257441429,13
"Offshore","MK","Summer","Aug","FL",30.4775375,0.945872804703978,36.1208632429539,0.294950725085616,2377.87735087333,35.537568080803,2369.99352663484,45.9929731266858,2027.37919640743,41.9369003171221,2020.70415509195,50.6940243336372,432.497684624902,15.4259325768602,8.01863115364575,0.00960219067345514,4.04026602725406,0.086492246165517,8
"Offshore","MK","Summer","Sep","FL",30.2044555555556,0.826060445898348,35.4348779209664,0.726253409386232,2358.23943333281,34.7143847330816,2396.84764303364,70.9403725720644,2029.71464502155,48.9801878921824,2062.90155153893,71.1748591382758,456.586694618813,35.6947669093276,8.00002996424737,0.0242355934183152,3.82527636961565,0.200655813613355,9
"Offshore","MK","Fall","Oct","FL",29.27945,0.431165905810435,35.2204142748118,0.646801994006068,2377.62632333186,12.4473925276778,2430.96514851081,54.3072614889127,2041.79442106201,13.1481422337153,2087.57685875605,45.9466630918071,430.679382216669,25.7816598409922,8.0249181021129,0.0229454856261333,3.90065314181352,0.163501440589729,10
"Offshore","MK","Fall","Nov","FL",27.5522777777778,0.0628622258947641,36.0334048633999,0.393529147506967,2379.72233535609,18.3630393743877,2377.54952152891,26.5076877156005,2055.21939202019,41.1691184653345,2053.49918693062,51.9284798444355,437.490341758817,66.3912927723778,8.02160999916272,0.0496740478252816,3.70071323903493,0.310200640125914,9
"Offshore","MK","Fall","Dec","FL",25.4185953333333,0.359782669773745,36.00679987885,0.231742123789664,2379.19403031687,11.6332882862883,2378.65348357842,16.1203596921399,2053.31332715391,24.2938996658391,2052.81117905396,22.9407548808171,395.297538630442,30.3097991211175,8.05718214687638,0.0260310510628026,3.66624275180009,0.155238856670329,15
"Offshore","LK","Winter","Jan","FL",24.2532166666667,1.00360066950134,36.2317059937782,0.381854531854802,2386.76590169022,15.9455357162874,2371.67453491454,36.1335409168365,2068.63381338715,17.7197874084893,2055.55630026236,33.3181734229043,394.574838736793,7.44189625848914,8.05863695859294,0.00901336625308767,3.55638385169437,0.0883114694997006,18
"Offshore","LK","Winter","Feb","FL",22.6810485714286,1.50695349415555,35.7381149578142,0.466778191736386,2381.83588996581,15.2593572125496,2399.40794128316,28.7928150315646,2067.50720345272,27.7494007912273,2082.8631192787,41.4875772785515,371.81442617627,29.5445465084186,8.08223827149486,0.0271152716248318,3.5041254816063,0.284873108117656,7
"Offshore","LK","Winter","Mar","FL",25.5633636363636,0.852926758019383,36.3913269641543,0.0900866517682877,2382.42344019643,5.06043635406168,2358.29541983433,8.41803458931346,2048.84347380509,5.2645572639064,2026.69301113923,9.31083245048668,387.58611403011,16.0919813852972,8.06284617768858,0.0159110768231918,3.72437265168862,0.0408665026077019,11
"Offshore","LK","Spring","Apr","FL",26.0698464285714,0.881832952623351,36.3990476780785,0.271438335737285,2372.45049401919,15.222310785599,2346.4302665688,25.8324204602238,2048.32440367953,29.3908836061881,2025.8728012591,35.1791204590929,412.216699973016,47.0532136534498,8.04053327690317,0.0382866187064293,3.64117843249284,0.212427257820454,14
"Offshore","LK","Spring","May","FL",26.441,0.564351742168737,36.4994279013728,0.220912269102662,2376.99753359437,12.095042798706,2344.43336926729,23.8141025425686,2047.21453312343,16.1690286574686,2019.1722751296,24.1998007226567,408.040394363672,13.7762869783395,8.04252639930549,0.0104435079253296,3.70527117362191,0.0807413886616692,10
"Offshore","LK","Spring","Jun","FL",28.5841905555556,1.16627264003734,36.3046084338704,0.135640032882623,2369.32544078909,23.6782523646213,2349.25988789212,18.5977308556927,2035.69460191729,21.7868109415402,2018.4610303268,18.5182016803344,431.831314051781,21.3402505928911,8.01992036296531,0.020298770842677,3.80119412559477,0.119512968591978,18
"Offshore","LK","Summer","Jul","FL",30.3015,0.589600076322925,35.8413981305887,0.558362066280601,2364.72228995764,22.8594880039225,2375.41484508164,34.2918275697311,2045.70257159631,12.3191772096195,2055.19423260457,41.3838815091379,488.150228770341,49.0901489473352,7.97685826309879,0.0363083023506787,3.71173136321885,0.228330865858536,13
"Offshore","LK","Summer","Aug","FL",30.31464,0.397490234920486,36.0921373501426,0.226411415822369,2378.79208658839,17.4523386690205,2372.61254155442,18.9454592136941,2041.68938523597,12.6352343460026,2036.68210986439,14.2966576094449,458.364871862893,23.4286658935734,7.99904715877416,0.0199380334907488,3.8813989553487,0.139174914572892,15
"Offshore","LK","Summer","Sep","FL",29.8312583333333,0.729013019534984,35.2836034749449,0.720662745441762,2364.07585745597,26.9296585137887,2412.7488092101,52.010647388625,2039.82550317515,43.4193456057534,2081.75504959806,55.4473625303312,460.13074918667,42.9327764359915,7.99959965293299,0.0302722814119222,3.78176950918403,0.223929317592669,12
"Offshore","LK","Fall","Oct","FL",28.967535,0.549901582588497,35.5158088450589,0.339210016917566,2373.2609271374,7.22135856791634,2405.64335129037,22.4727496778498,2042.48858830638,8.04494071401438,2070.37054424709,21.3846311471505,436.506950199875,20.0296733425704,8.01876983292962,0.0167600697231667,3.8218877602381,0.0973212677320504,16
"Offshore","LK","Fall","Nov","FL",27.3905083333333,0.220274487683532,36.1836384746307,0.304745321568942,2377.67610111749,12.2387216698223,2365.63944150882,27.1630065444247,2061.89188669448,36.2575889104961,2051.61760243255,49.8811284121077,453.048546381712,65.8953743973495,8.00862659787617,0.0483455519908731,3.59898549595114,0.2821220878416,12
"Offshore","LK","Fall","Dec","FL",25.5806982352941,0.633186172308699,35.8788527831652,0.505293168534021,2380.02444004095,8.62992563206142,2388.39365610689,38.2908679093813,2051.58125767183,20.4692234112383,2058.80563053683,38.8870741914399,392.629286662599,33.9037940488216,8.060205123028,0.0310385035107276,3.70237424968598,0.170111575361703,17
"Oceanic","UK","Winter","Jan","FL",25.8704333333333,1.29881471478165,36.0888234104713,0.505664941496755,2380.18319193974,20.4358512540172,2374.55512017315,45.9191930533447,2048.89189601313,22.884016731776,2044.05644772527,42.8299810773239,392.741218426086,9.05697324083956,8.05808416954873,0.0127305579825494,3.7287823537472,0.0568202256534221,3
"Oceanic","UK","Winter","Feb","FL",23.258565,0.013809795436573,36.0780987541752,0.302690604662131,2382.06020389352,2.61658343937159,2376.83694479408,22.5520980371206,2055.59193748859,13.4943374076802,2051.13157346405,30.6729416696205,362.028483205737,15.6706714506683,8.08963020576318,0.013860180455855,3.62279632179672,0.0954779930932368,2
"Oceanic","UK","Winter","Mar","FL",25.2923333333333,0.551621549011034,36.2646469211795,0.313339321539561,2374.19956456177,15.9183575305922,2356.74042689876,5.0426315686496,2039.33746504044,20.2796544584929,2024.30367719619,3.91617556765089,377.448578256711,11.8271882709853,8.07116196229911,0.010103257563543,3.73989381412607,0.0782636008248719,3
"Oceanic","UK","Spring","Apr","FL",25.48099,0.586577504938605,36.1528058592631,0.201036038641285,2380.01543849804,3.37797242162011,2369.83153103343,9.86992730196656,2042.66859941953,7.27309153276101,2033.93366056243,12.2382957130068,377.174404076915,19.1782266061417,8.07262307415001,0.0184855731277238,3.77830425756429,0.0749072319754889,3
"Oceanic","UK","Spring","May","FL",26.32,NA,36.5032653904278,NA,2395.83482106448,NA,2362.64335502946,NA,2046.68395557818,NA,2018.32956303044,NA,378.547229089251,NA,8.07145773885419,NA,3.91197983641326,NA,1
"Oceanic","UK","Spring","Jun","FL",28.42738,0.759826705242715,36.2814844821969,0.100651336619633,2384.55336264513,3.56612162730588,2365.90555904373,6.82883820504967,2039.8686084642,12.8619973352709,2023.92512488198,15.2678131443233,413.842673275205,21.734073231956,8.03729132464278,0.0187741189924392,3.92227253908373,0.121756119818161,5
"Oceanic","UK","Summer","Jul","FL",30.549075,0.781812992878306,35.1002369563859,1.6190618860299,2366.0944202643,12.4319291809466,2430.16196999894,103.510368747664,2033.32455696665,13.1963447400705,2089.25311381524,114.120339306628,454.175023679508,42.1463969340727,8.00416542703129,0.0292118248977565,3.89576145624004,0.185614705550502,4
"Oceanic","UK","Summer","Aug","FL",30.139,NA,36.3644248835983,NA,2411.38528494221,NA,2387.05758111061,NA,2053.50477367031,NA,2032.78761318061,NA,428.504679089134,NA,8.02648761920497,NA,4.11825748737863,NA,1
"Oceanic","UK","Summer","Sep","FL",30.3386666666667,0.809771161090178,35.053470153606,0.761415726705895,2375.67760076749,19.6982817908462,2440.40581697785,54.9940029003519,2037.36582772204,46.0776243461983,2092.67751066416,53.8306390257617,442.88419598628,52.6646844576274,8.01503318247092,0.0385750540435374,3.96402055635786,0.322196515338173,3
"Oceanic","UK","Fall","Oct","FL",29.5679333333333,0.452987961576611,35.3297111330223,0.546370439745914,2374.3324554583,6.1842424378741,2419.56025214745,33.8316168929005,2038.19751593267,13.8548028518628,2077.1590067634,43.2781598684086,435.21249249791,32.2202494253566,8.02006998718795,0.0248887209182339,3.9032283040745,0.201936054921575,3
"Oceanic","UK","Fall","Nov","FL",27.6147,0.377170757084905,35.7534610028696,0.0543920718805878,2376.21744963966,20.0551161170928,2392.42768201353,16.5524132316564,2068.1189725653,53.8514956407825,2082.19952464648,51.0514791092135,467.215659114175,88.5213838543277,7.99858249839417,0.0647467917852022,3.54410947925529,0.329443159967219,2
"Oceanic","UK","Fall","Dec","FL",25.877125,0.29182025717897,36.2228832777921,0.127964570982058,2388.96241091989,7.65133507175704,2374.10566232701,3.58061683503167,2056.76941669492,19.9266614484534,2043.99236897015,20.8871784847829,397.084715690288,35.1565611792859,8.05603683858243,0.0306531276468604,3.73719820456949,0.180309362610375,4
"Oceanic","MK","Winter","Jan","FL",25.14775,1.15402640827669,36.1315579290919,0.461637123730488,2383.81209095637,14.2485811988747,2375.36525510701,39.1405486689131,2055.97819918998,19.1480358368726,2048.73582404547,39.5764735151306,389.246208791109,8.14354337844691,8.06239373950156,0.0092910078798321,3.67706509538865,0.0605588990723589,6
"Oceanic","MK","Winter","Feb","FL",23.7874175,2.00039494697714,36.0118911876613,0.174050941734416,2379.67619514616,18.0941219716539,2378.74129426819,16.5930966791813,2047.09777833199,32.4469487898353,2046.28051852048,30.7279055573699,358.47953170279,14.6794639539978,8.09227572864831,0.0149583726383791,3.69998655810559,0.227906235215454,4
"Oceanic","MK","Winter","Mar","FL",25.7485,0.778967971100224,36.3934898955601,0.0564796479249083,2378.10413619499,4.54538643530155,2352.23470179153,4.63266548137969,2045.50922075978,6.05107467791434,2023.25962503224,6.75283839039904,390.995643351761,7.3496219448751,8.05853508555216,0.0075899540976713,3.7236116972554,0.0458470410866126,6
"Oceanic","MK","Spring","Apr","FL",26.1966583333333,0.654044986538897,36.3980701576668,0.207161886285515,2382.17304258941,6.25701637679175,2356.00378436303,10.2165591472219,2054.01752619003,14.7946850731575,2031.41357155307,8.3963744139399,408.72503669842,32.2794567863392,8.04400247153603,0.0283752425928815,3.69094796582605,0.107599023645642,6
"Oceanic","MK","Spring","May","FL",26.74725,0.884275196606426,36.3389393435979,0.216236154927622,2392.03510446401,8.4803993248827,2369.61661778773,14.4254044569115,2059.92730209835,10.1034726624276,2040.64940717575,18.8492745462746,413.241727073607,30.2631603308971,8.04103918634169,0.0267044199335686,3.75332781770529,0.145607426900045,4
"Oceanic","MK","Spring","Jun","FL",28.57577875,1.02533332428933,36.3638103917741,0.12439273018739,2382.76121471474,13.7222115021992,2358.76164141103,10.8432691905473,2038.82341318926,16.5144721474448,2018.28618418821,14.5059482744004,417.956895206827,24.7418418256913,8.03330715652312,0.0215702367602224,3.91290697141637,0.0600694467556945,8
"Oceanic","MK","Summer","Jul","FL",30.3024375,0.413984595771044,35.5409057673352,0.761014997925693,2370.3284372219,14.8225310439279,2401.50422616511,39.1512822402123,2037.31567681562,22.1001407403682,2064.30143217517,48.8110470096006,456.102466469103,41.6224552595833,8.00219338394119,0.0307447292434436,3.87617581056881,0.187595536385464,8
"Oceanic","MK","Summer","Aug","FL",30.25905,0.365237992273531,36.0046194325464,0.310185581721,2391.65241798686,8.54392031366461,2391.28824352127,15.903754730374,2043.76849291869,6.51826772377771,2043.46085445732,13.8227465265837,437.817900238935,9.66193217488543,8.01713373458103,0.00865865918989642,4.02265220810332,0.0420829064098294,6
"Oceanic","MK","Summer","Sep","FL",30.0282,0.674203886076015,35.4211129267242,0.64483352198561,2384.8145853286,17.3542022505183,2424.22679206619,43.0241239078978,2045.99922278591,38.3780254573472,2079.58563222322,38.7535152620913,444.18709125457,46.6295072397972,8.01455012881596,0.0339553428565458,3.9483652029724,0.261800801714316,6
"Oceanic","MK","Fall","Oct","FL",29.4237516666667,0.407207721951177,35.525573819264,0.303433964873178,2384.20158309078,12.2455297370473,2416.04733473558,26.7797382759187,2046.51603732783,8.44416308893108,2073.84041546848,20.7823175174544,435.70166635162,29.1207307301509,8.02076730989101,0.0247643200641093,3.91312493643067,0.16566085216924,6
"Oceanic","MK","Fall","Nov","FL",27.63284,0.1776015990919,36.299875673427,0.597004162368254,2382.91125376436,12.6153234923441,2363.61744047478,43.588478367695,2047.52504545388,35.1993096897107,2031.17111243907,60.5991515549035,420.60798272893,58.4797648049862,8.03412123229305,0.0435865860128066,3.80348255367277,0.278648404646766,5
"Oceanic","MK","Fall","Dec","FL",25.689003,0.34317889387477,35.9968676858344,0.203981885587555,2376.05562200506,11.3271868119448,2376.17091800631,17.8138297495419,2049.78733314827,25.0321799547005,2049.86874758043,26.1742278557041,397.776246527226,31.9450363644385,8.05430911070389,0.0270825703468464,3.67481281552897,0.161726928605777,10
"Oceanic","LK","Winter","Jan","FL",24.7651142857143,1.225090836671,36.320549326371,0.337976600161106,2384.59845267783,15.8757072110231,2363.61718540535,31.7512472284959,2059.1893081906,22.5331855961745,2041.08659947268,33.7540276568041,389.759842061456,7.62066628242567,8.06184766955712,0.00797803170474086,3.63607001336725,0.0926692501290349,7
"Oceanic","LK","Winter","Feb","FL",23.2293816666667,1.37678607653356,36.1042086409778,0.202394398938252,2386.628787568,16.2839355843149,2379.57754065075,8.96100979853422,2056.925039621,15.9257689381198,2050.89057276816,18.0632454644258,358.849846737279,21.2617871010026,8.09350218349517,0.0217198047058815,3.65886642312798,0.283660138968908,6
"Oceanic","LK","Winter","Mar","FL",25.9713333333333,1.00551313599906,36.3567242897419,0.0853834952090873,2376.79124946037,5.2504150602666,2353.31628268341,5.183543113761,2042.06128109737,6.76556929367636,2021.89003680569,5.78998622779539,390.095035418715,16.0600361679211,8.05919229223005,0.0158820813838421,3.75150979846357,0.0434297792168488,6
"Oceanic","LK","Spring","Apr","FL",26.2325625,0.372043957953896,36.2827095596171,0.286112215773909,2375.54087904083,13.9250467689888,2356.93174277812,13.1420615104838,2050.44163194591,23.5109059930041,2034.31929485321,15.940194733622,410.942916343272,25.4163224960774,8.04106256089285,0.0207855960232076,3.66190449782334,0.107955966858813,8
"Oceanic","LK","Spring","May","FL",26.4839,0.679391521878218,36.4143611840624,0.235905428278455,2386.70686593249,4.89084763325048,2359.47429968012,18.2344545888937,2055.97872442912,4.49741101083386,2032.5273213192,17.0332889396684,409.479025350184,11.9615342101944,8.04294418090987,0.010096626450715,3.72595372814822,0.0275086461922291,4
"Oceanic","LK","Spring","Jun","FL",28.45653,1.26541802047123,36.3050007851494,0.223048845387004,2382.7490781393,11.2922130458952,2362.65407452451,18.7689675403025,2042.79357499264,13.4398774306598,2025.58123465482,20.4144745184949,423.057876873415,28.7050197289571,8.02957276010521,0.0252380476386604,3.87194504839785,0.118474341346847,10
"Oceanic","LK","Summer","Jul","FL",30.16774,0.491500486266291,35.4589428027502,1.15001284326049,2372.45239004527,10.8936189389998,2410.35814768056,72.377015062708,2047.00704595378,20.9166197047371,2079.82792414707,69.4597233607266,468.802449044254,40.3492664766477,7.99325266836199,0.0293535884697928,3.79855334714302,0.146685838542958,5
"Oceanic","LK","Summer","Aug","FL",30.3886125,0.343231951715704,35.9986548919748,0.308329820812694,2386.77820454008,6.27401455087231,2386.84713544845,19.8473639400292,2047.00995922552,3.35921408964048,2050.50187614744,21.272966493672,447.783986560061,9.75007989020212,8.0091169331881,0.00753608120457646,3.95978982565059,0.0480701449002796,8
"Oceanic","LK","Summer","Sep","FL",29.99695,0.472004846373425,35.1995818359154,0.798834384009067,2378.40942520971,18.7656649966024,2433.11496813175,43.570674794442,2039.45400288777,40.482871176849,2086.02385309067,33.3615413031986,439.02447747181,54.270878609227,8.01902143008554,0.0414905338834795,3.95588335119551,0.269610361321715,6
"Oceanic","LK","Fall","Oct","FL",29.2167571428571,0.357557756906223,35.4761412375194,0.364165644328616,2376.45564191328,7.791305865463,2411.61522010666,27.4989418331651,2041.21214652408,7.98541415602541,2071.37889977599,20.3389978935245,432.833996166542,20.5569904526736,8.02202030085868,0.017776388713128,3.87944466038188,0.125975112752554,7
"Oceanic","LK","Fall","Nov","FL",27.63678,0.244565332784514,36.0552996419147,0.296129065356785,2385.01390317866,7.65889198926593,2381.3632870923,26.1125422183347,2060.54250738472,40.5336097405037,2057.55196623292,54.3015561817556,441.763632146063,72.9360828883901,8.01914879011391,0.05536235940881,3.70472022837264,0.333514515536932,5
"Oceanic","LK","Fall","Dec","FL",26.0069144444444,0.938948553770535,35.7989684667165,0.734049128225706,2379.10534979018,9.47914244578504,2393.1934740948,49.7203499309718,2049.53848708496,17.0410753755518,2061.71058599733,47.3109502414927,395.793376000412,31.8292339218316,8.05690771445138,0.0289146397073602,3.72666135999667,0.112824991691126,9
