X,Season,Trend,random,y,Region_1,Region_2,Region_3,Region_4,Inshore,Mid-channel,Offshore,Oceanic
0.1,0.099833416646828,0.003,0.016705213498883,0.119538630145711,0.660192833087221,1.12269270405021,-0.345948731022576,-0.858885214816439,0.239077260291422,0.155400219189424,0.059769315072855,0.001195386301457
0.2,0.198669330795061,0.006,0.166732298487186,0.371401629282247,0.974916512521443,1.46363755721098,0.001432417623892,-0.5711645774777,0.742803258564494,0.482822118066921,0.185700814641124,0.003714016292822
0.3,0.29552020666134,0.009,0.117987295234128,0.422507501895468,0.99335326487251,1.45923621607615,0.007526653660911,-0.447429167306697,0.845015003790936,0.549259752464109,0.211253750947734,0.004225075018955
0.4,0.389418342308651,0.012,0.026030301333537,0.427448643642188,1.07325054225362,1.54616515439493,0.010404255581303,-0.376304861953867,0.854897287284376,0.555683236734844,0.213724321821094,0.004274486436422
0.5,0.479425538604203,0.015,0.034738289185176,0.529163827789379,1.09979611602233,1.62956633317976,0.19120746561918,-0.373777304757671,1.05832765557876,0.687912976126193,0.26458191389469,0.005291638277894
0.6,0.564642473395035,0.018,0.136756971195838,0.719399444590873,1.28457001104001,1.87277463091665,0.335739166588397,-0.146741376302402,1.43879888918175,0.935219277968135,0.359699722295437,0.007193994445909
0.7,0.644217687237691,0.021,0.00902416702306,0.674241854260751,1.23859945560316,1.84501359750827,0.270397413967477,-0.190868060272605,1.3484837085215,0.876514410538976,0.337120927130375,0.006742418542608
0.8,0.717356090899523,0.024,0.092148730111181,0.833504821010703,1.33870583997449,2.00549144454621,0.483695922609166,0.010716962637583,1.66700964202141,1.08355626731391,0.416752410505352,0.008335048210107
0.9,0.783326909627484,0.027,0.085881709682307,0.896208619309791,1.50965872017223,1.90503967175842,0.571192738428524,0.056148594008545,1.79241723861958,1.16507120510273,0.448104309654895,0.008962086193098
1,0.841470984807896,0.03,0.050133199716388,0.921604184524285,1.54333195976304,2.06842948459592,0.561620695406634,0.116813971439106,1.84320836904857,1.19808543988157,0.460802092262142,0.009216041845243
1.1,0.891207360061435,0.033,0.149210697390875,1.07341805745231,1.74751997639861,2.19355233688414,0.666997271183997,0.11497322814645,2.14683611490462,1.395443474688,0.536709028726155,0.010734180574523
1.2,0.932039085967226,0.036,0.105015113300382,1.07305419926761,1.61994156720889,2.16240529210712,0.616795010573031,0.217302414378924,2.14610839853522,1.39497045904789,0.536527099633804,0.010730541992676
1.3,0.963558185417193,0.039,0.063357028725103,1.0659152141423,1.66807256017781,2.13648553477329,0.635088620975074,0.192715574778686,2.13183042828459,1.38568977838498,0.532957607071148,0.010659152141423
1.4,0.98544972998846,0.042,0.103919535651254,1.13136926563971,1.82874958895651,2.14768249310299,0.811062851872957,0.157352171035986,2.26273853127943,1.47078004533163,0.565684632819857,0.011313692656397
1.5,0.997494986604055,0.045,0.055803366579953,1.09829835318401,1.62636908136252,2.12706008554861,0.661056043594169,0.205493498026526,2.19659670636802,1.42778785913921,0.549149176592004,0.01098298353184
1.6,0.999573603041505,0.048,0.029001992203091,1.0765755952446,1.6451659867934,2.22523713505565,0.733816223630673,0.145906142337843,2.15315119048919,1.39954827381797,0.538287797622298,0.010765755952446
1.7,0.991664810452468,0.051,0.087300113459116,1.12996492391158,1.81004884289381,2.27162676625267,0.705595931591471,0.269872114659746,2.25992984782317,1.46895440108506,0.564982461955792,0.011299649239116
1.8,0.973847630878195,0.054,0.10656365936208,1.13441129024028,1.79187619549397,2.19349565374469,0.740390477154758,0.179752592267704,2.26882258048055,1.47473467731236,0.567205645120138,0.011344112902403
1.9,0.946300087687414,0.057,0.072451639189575,1.07575172687699,1.72513726090627,2.12674251847912,0.670440256978483,0.199045509090658,2.15150345375398,1.39847724494009,0.537875863438495,0.01075751726877
2,0.909297426825682,0.06,0.190744663496615,1.1600420903223,1.68425340619668,2.26034813329651,0.684406501394952,0.171867279461974,2.32008418064459,1.50805471741899,0.580021045161149,0.011600420903223
2.1,0.863209366648873,0.063,0.186686374263747,1.11289574091262,1.79607853781531,2.13978816248064,0.798933497594615,0.194018797099553,2.22579148182524,1.44676446318641,0.556447870456311,0.011128957409126
2.2,0.80849640381959,0.066,0.058279261972116,0.932775665791706,1.5371915254818,2.10445321175824,0.511155926587598,0.107830332672406,1.86555133158341,1.21260836552922,0.466387832895853,0.009327756657917
2.3,0.74570521217672,0.069,0.052425981422115,0.867131193598835,1.51419617149149,1.99651121859059,0.561387365162944,-0.129509784908322,1.73426238719767,1.12727055167849,0.433565596799417,0.008671311935988
2.4,0.675463180551151,0.072,0.192925043875182,0.940388224426332,1.4431078080742,2.0378455624957,0.450532911424333,0.00949060349644,1.88077644885266,1.22250469175423,0.470194112213166,0.009403882244263
2.5,0.598472144103957,0.075,0.097700729917451,0.771172874021408,1.45210419165503,1.81046507572057,0.339094184116996,-0.129728950946002,1.54234574804282,1.00252473622783,0.385586437010704,0.007711728740214
2.6,0.515501371821464,0.078,0.003287969917547,0.596789341739011,1.13363422343133,1.79139634787151,0.208637831101618,-0.253028049101197,1.19357868347802,0.775826144260715,0.298394670869506,0.00596789341739
2.7,0.42737988023383,0.081,0.051684934018098,0.560064814251928,1.12961716417782,1.7489627349723,0.149973094851879,-0.262193767518363,1.12012962850386,0.728084258527507,0.280032407125964,0.005600648142519
2.8,0.334988150155905,0.084,0.072441234520971,0.491429384676876,1.02969054122371,1.5961292034112,-0.005744317718446,-0.478379503793858,0.982858769353752,0.638858200079939,0.245714692338438,0.004914293846769
2.9,0.239249329213983,0.087,0.102173039717535,0.428422368931518,0.935022555491986,1.47744556267462,-0.059410605563726,-0.525681975656414,0.856844737863037,0.556949079610974,0.214211184465759,0.004284223689315
3,0.141120008059868,0.09,0.039563556835101,0.270683564894968,0.969604666911421,1.32998151323568,-0.125425092148221,-0.619263262888478,0.541367129789937,0.351888634363459,0.135341782447484,0.00270683564895
3.1,0.041580662433291,0.093,0.053438985733424,0.188019648166715,0.857130339322599,1.20133297476601,-0.187235337817286,-0.803573912136222,0.37603929633343,0.24442554261673,0.094009824083358,0.001880196481667
3.2,-0.058374143427579,0.096,0.183406239004317,0.221032095576738,0.735465816602996,1.33404873633979,-0.210571996028888,-0.65780370807472,0.442064191153476,0.287341724249759,0.110516047788369,0.002210320955767
3.3,-0.157745694143247,0.099,0.138696047225724,0.079950353082477,0.661548298446443,1.11816892115562,-0.376168221270449,-0.799661672358549,0.159900706164953,0.10393545900722,0.039975176541238,0.000799503530825
3.4,-0.255541102026829,0.102,0.067045274273284,-0.086495827753546,0.549451467270993,1.08053558000396,-0.464404234510891,-0.969736336283378,-0.172991655507092,-0.11244457607961,-0.043247913876773,-0.000864958277535
3.5,-0.350783227689618,0.105,0.178792961214617,-0.066990266475001,0.441686118293041,0.987034613731045,-0.373817644537344,-0.922635481700294,-0.133980532950001,-0.087087346417501,-0.0334951332375,-0.00066990266475
3.6,-0.44252044329485,0.108,0.057196351982575,-0.277324091312275,0.224171336561756,0.913293331577179,-0.609008462121421,-1.21890518944873,-0.55464818262455,-0.360521318705957,-0.138662045656137,-0.002773240913123
3.7,-0.529836140908491,0.111,0.19558013047623,-0.223256010432261,0.471646476860598,0.914064920360029,-0.543833657490925,-1.03146573230621,-0.446512020864523,-0.29023281356194,-0.111628005216131,-0.002232560104323
3.8,-0.611857890942717,0.114,0.09647452705857,-0.401383363884147,0.203888931350494,0.797716790800101,-0.823051100367429,-1.21522526458539,-0.802766727768293,-0.521798373049391,-0.200691681942073,-0.004013833638841
3.9,-0.687766159183972,0.117,0.0906190989285,-0.480147060255472,0.208214873390059,0.541538888097929,-0.881581011981536,-1.3506307131406,-0.960294120510943,-0.624191178332113,-0.240073530127736,-0.004801470602555
4,-0.756802495307927,0.12,0.082013153726827,-0.5547893415811,0.130508268282676,0.556333502027691,-0.927894769948728,-1.41295007424214,-1.1095786831622,-0.721226144055429,-0.27739467079055,-0.005547893415811
4.1,-0.818277111064409,0.123,0.121447639327258,-0.573829471737151,0.014333361705574,0.540224910507678,-0.978422994799584,-1.45262410434987,-1.1476589434743,-0.745978313258296,-0.286914735868575,-0.005738294717372
4.2,-0.871575772413587,0.126,0.09289568472713,-0.652680087686457,-0.022884761382224,0.385049812146253,-1.10715036774289,-1.57428593348995,-1.30536017537291,-0.848484113992394,-0.326340043843229,-0.006526800876865
4.3,-0.916165936749454,0.129,0.192237500145815,-0.594928436603639,0.07440244692049,0.583347995034081,-1.09003831131583,-1.44128925834507,-1.18985687320728,-0.773406967584731,-0.297464218301819,-0.005949284366036
4.4,-0.951602073889515,0.132,0.168832656614991,-0.650769417274524,-0.014601512275623,0.444246479595824,-0.963793473453335,-1.51627468905314,-1.30153883454905,-0.846000242456881,-0.325384708637262,-0.006507694172745
4.5,-0.977530117665097,0.135,0.033529202318761,-0.809000915346335,-0.164927072769605,0.359062493001082,-1.13320874742483,-1.69979723446309,-1.61800183069267,-1.05170118995024,-0.404500457673168,-0.008090009153463
4.6,-0.993691003633464,0.138,0.108554808973301,-0.747136194660163,-0.186944763496929,0.263247225862232,-1.15126271062273,-1.61931956680709,-1.49427238932033,-0.971277053058212,-0.373568097330081,-0.007471361946602
4.7,-0.999923257564101,0.141,0.181609353495318,-0.677313904068783,-0.037774962978814,0.446680195494524,-1.01420786269984,-1.58790778579483,-1.35462780813757,-0.880508075289417,-0.338656952034391,-0.006773139040688
4.8,-0.996164608835841,0.144,0.165223696301956,-0.686940912533885,-0.149611143854176,0.488546125493456,-1.16895019009967,-1.63485439396397,-1.37388182506777,-0.89302318629405,-0.343470456266942,-0.006869409125339
4.9,-0.982452612624333,0.147,0.059964498087744,-0.775488114536589,-0.146500806793564,0.326566301990164,-1.24793526406374,-1.70255800629951,-1.55097622907318,-1.00813454889757,-0.387744057268295,-0.007754881145366
5,-0.958924274663139,0.15,0.138896222132355,-0.670028052530784,-0.153210300800587,0.527971764681287,-1.14584653597354,-1.52409636157168,-1.34005610506157,-0.871036468290019,-0.335014026265392,-0.006700280525308
5.1,-0.925814682327733,0.153,0.012613429529799,-0.760201252797935,-0.117371921688584,0.328288903521961,-1.24652663903106,-1.63072011767146,-1.52040250559587,-0.988261628637316,-0.380100626398967,-0.007602012527979
5.2,-0.883454655720155,0.156,0.072626382336313,-0.654828273383841,-0.148302185195475,0.399819875821192,-1.05514862256163,-1.63884629501356,-1.30965654676768,-0.851276755398994,-0.327414136691921,-0.006548282733838
5.3,-0.832267442223903,0.159,0.023688046107706,-0.649579396116197,-0.081861959101449,0.514606361231842,-0.997826043682681,-1.61046303831735,-1.29915879223239,-0.844453214951056,-0.324789698058099,-0.006495793961162
5.4,-0.772764487555989,0.162,0.072972694924622,-0.537791792631368,0.057969230999408,0.512554519049259,-0.998456913738752,-1.39609582347294,-1.07558358526274,-0.699129330420778,-0.268895896315684,-0.005377917926314
5.5,-0.705540325570394,0.165,0.052256608123754,-0.48828371744664,0.073711801369467,0.636835969289955,-0.93972789065052,-1.30603585466185,-0.97656743489328,-0.634768832680632,-0.24414185872332,-0.004882837174466
5.6,-0.631266637872324,0.168,0.128038903348741,-0.335227734523583,0.167390336171779,0.82386027983987,-0.655273461091492,-1.26260766946446,-0.670455469047165,-0.435796054880657,-0.167613867261791,-0.003352277345236
5.7,-0.55068554259764,0.171,0.078270156174347,-0.301415386423293,0.3003772263998,0.839161054497834,-0.793518484335224,-1.22908068465669,-0.602830772846586,-0.391840002350281,-0.150707693211646,-0.003014153864233
5.8,-0.46460217941376,0.174,0.181276091960388,-0.109326087453372,0.431904056844806,1.03255110788074,-0.528378274436143,-0.966697366262908,-0.218652174906744,-0.142123913689384,-0.054663043726686,-0.001093260874534
5.9,-0.373876664830239,0.177,0.003508672174654,-0.193367992655585,0.331859657998971,0.951733285847442,-0.616251024268789,-1.03717420738175,-0.38673598531117,-0.251378390452261,-0.096683996327793,-0.001933679926556
6,-0.279415498198928,0.18,0.195544883157346,0.096129384958417,0.733749602628843,1.2724121770514,-0.371707280560375,-0.720039958858897,0.192258769916835,0.124968200445943,0.048064692479209,0.000961293849584
6.1,-0.182162504272098,0.183,0.134638847890704,0.135476343618606,0.730741795755752,1.14032595469495,-0.248988005273707,-0.741003326444969,0.270952687237212,0.176119246704188,0.067738171809303,0.001354763436186
6.2,-0.083089402817499,0.186,0.164946570727737,0.267857167910238,0.828646756362585,1.44667553870735,-0.106309887752499,-0.568831392784416,0.535714335820475,0.348214318283309,0.133928583955119,0.002678571679102
6.3,0.016813900484347,0.189,0.079185375741196,0.284999276225543,0.803196943226529,1.31035600911262,-0.20082475488357,-0.578985622974743,0.569998552451085,0.370499059093206,0.142499638112771,0.002849992762255
6.4,0.11654920485049,0.192,0.04550659487986,0.35405579973035,1.04405138596457,1.55247318927136,-0.059013794682326,-0.585747313440308,0.708111599460701,0.460272539649455,0.177027899865175,0.003540557997304
6.5,0.215119988087813,0.195,0.121181957868916,0.531301945956729,1.21501657304032,1.60418768145321,0.082529564209085,-0.382733331608149,1.06260389191346,0.690692529743747,0.265650972978364,0.005313019459567
6.6,0.311541363513376,0.198,0.083756212312331,0.593297575825707,1.27626979407187,1.76751867776911,0.117989450298896,-0.262989474355195,1.18659515165141,0.77128684857342,0.296648787912854,0.005932975758257
6.7,0.404849920616596,0.201,0.16713128363074,0.772981204247335,1.33526072163579,1.89641366798199,0.283021519027279,-0.218720790094539,1.54596240849467,1.00487556552154,0.386490602123668,0.007729812042473
6.8,0.494113351138606,0.204,0.094922701840822,0.793036052979427,1.3051334495528,1.8713288145623,0.415684360900484,-0.086374017766647,1.58607210595885,1.03094686887326,0.396518026489714,0.007930360529794
6.9,0.578439764388197,0.207,0.08207635507054,0.867516119458737,1.54934403330767,2.03914498647332,0.482501733959887,-0.034046558997271,1.73503223891747,1.12777095529636,0.433758059729368,0.008675161194587
7,0.656986598718787,0.21,0.152027589037654,1.01901418775644,1.54725188408227,2.0300663820882,0.631463998308628,0.05419172203451,2.03802837551288,1.32471844408337,0.509507093878221,0.010190141877565
7.1,0.728969040125875,0.213,0.134697392003379,1.07666643212925,1.74214972798707,2.20493315262874,0.584400870325497,0.200259221702655,2.15333286425851,1.39966636176803,0.538333216064627,0.010766664321293
7.2,0.793667863849152,0.216,0.0839423058469,1.09361016969605,1.60864053307725,2.13141023045777,0.65981846027305,0.196647023265878,2.1872203393921,1.42169322060487,0.546805084848026,0.010936101696961
7.3,0.850436620628563,0.219,0.140294835944737,1.2097314565733,1.84075104056798,2.21221717404448,0.730419787717249,0.346394605108386,2.4194629131466,1.57265089354529,0.60486572828665,0.012097314565733
7.4,0.898708095811625,0.222,0.081598554929011,1.20230665074064,1.73943714362622,2.26470459943167,0.822082129364929,0.284141488862743,2.40461330148127,1.56299864596283,0.601153325370318,0.012023066507406
7.5,0.937999976774738,0.225,0.004829763908567,1.16782974068331,1.83319165633713,2.22553668761275,0.737653614379502,0.256802896637495,2.33565948136661,1.5181786628883,0.583914870341653,0.011678297406833
7.6,0.967919672031486,0.228,0.046634977678092,1.24255464970958,1.94191536924274,2.28506993143821,0.792444995138766,0.320748381887506,2.48510929941915,1.61532104462245,0.621277324854789,0.012425546497096
7.7,0.988168233877,0.231,0.112225185441316,1.33139341931832,1.99375217096887,2.44071996386838,0.931334714492655,0.461967342493355,2.66278683863663,1.73081144511381,0.665696709659158,0.013313934193183
7.8,0.998543345374605,0.234,0.006616732964344,1.23916007833895,1.86319234219955,2.43250789176358,0.801877383954022,0.28870412115261,2.4783201566779,1.61090810184063,0.619580039169474,0.01239160078339
7.9,0.998941341839772,0.237,0.072755772166361,1.30869711400613,1.99710479505455,2.32059810819896,0.983783932890195,0.41608743222468,2.61739422801226,1.70130624820797,0.654348557003066,0.013086971140061
8,0.989358246623382,0.24,0.085488442090864,1.31484668871425,1.98149771578343,2.31791685029158,0.845919393256889,0.427707118474684,2.62969337742849,1.70930069532852,0.657423344357123,0.013148466887143
8.1,0.969889810845087,0.243,0.074142212182894,1.28703202302798,1.92537755202712,2.37969763651311,0.908256759830211,0.437606533375806,2.57406404605596,1.67314162993637,0.64351601151399,0.01287032023028
8.2,0.940730556679774,0.246,0.027606966166719,1.21433752284649,1.74579103655292,2.25811086362187,0.74198663091857,0.311276982685548,2.42867504569299,1.57863877970044,0.607168761423246,0.012143375228465
8.3,0.902171833756295,0.249,0.097945007756827,1.24911684151312,1.84677349961317,2.26631466063628,0.843515958088892,0.322036844085669,2.49823368302624,1.62385189396706,0.624558420756561,0.012491168415131
8.4,0.854598908088281,0.252,0.024548198289762,1.13114710637804,1.67395742798565,2.3155889075767,0.827690512950945,0.272576248906026,2.26229421275609,1.47049123829146,0.565573553189021,0.011311471063781
8.5,0.798487112623493,0.255,0.04611584540095,1.09960295802444,1.73744562131942,2.2660473413832,0.635092823272669,0.236709622667666,2.19920591604888,1.42948384543178,0.549801479012221,0.010996029580245
8.6,0.734397097874115,0.258,0.111061380215778,1.10345847808989,1.7864759117533,2.19785541177822,0.758269251619942,0.242365686753624,2.20691695617978,1.43449602151686,0.551729239044946,0.011034584780899
8.7,0.662969230082185,0.261,0.024115920867678,0.948085150949863,1.55412249077446,2.05765949292743,0.457617841379997,0.121777327671436,1.89617030189973,1.23251069623482,0.474042575474931,0.009480851509499
8.8,0.584917192891765,0.264,0.198386100579531,1.0473032934713,1.59645193208812,2.15265068967022,0.559717834408001,0.049355545711298,2.09460658694259,1.36149428151268,0.523651646735648,0.010473032934713
8.9,0.501020856457886,0.267,0.111955188339003,0.879976044796889,1.51430448975638,1.97734554184256,0.502041394071529,0.052473326422467,1.75995208959378,1.14396885823596,0.439988022398445,0.008799760447969
9,0.41211848524176,0.27,0.040901408592622,0.723019893834382,1.40339439958939,1.78517679324246,0.422072761309499,-0.097793633408994,1.44603978766876,0.939925861984696,0.361509946917191,0.007230198938344
9.1,0.319098362349354,0.273,0.171498411678261,0.763596774027615,1.44423942846776,1.82796393294052,0.347873980230362,-0.072532009924871,1.52719354805523,0.992675806235899,0.381798387013807,0.007635967740276
9.2,0.222889914100249,0.276,0.135154414754721,0.634044328854971,1.2570065567453,1.80235409389396,0.229192319360163,-0.340428814056294,1.26808865770994,0.824257627511462,0.317022164427485,0.00634044328855
9.3,0.124454423507065,0.279,0.030571774235591,0.434026197742656,1.00693701914394,1.60940320138757,0.052889419073846,-0.386185795845198,0.868052395485312,0.564234057065453,0.217013098871328,0.004340261977427
9.4,0.02477542545336,0.282,0.026836228117904,0.333611653571263,0.991183837394163,1.39315529894357,-0.106194575286728,-0.618358011346271,0.667223307142526,0.433695149642642,0.166805826785632,0.003336116535713
9.5,-0.075151120461806,0.285,0.158959230275821,0.368808109814015,1.05600084258027,1.4652561495282,-0.035447564275652,-0.444489067173559,0.737616219628031,0.47945054275822,0.184404054907008,0.00368808109814
9.59999999999999,-0.174326781222974,0.288,0.076637921866548,0.190311140643573,0.748189808709509,1.20783725040392,-0.260478991661324,-0.612615171000761,0.380622281287146,0.247404482836645,0.095155570321787,0.001903111406436
9.69999999999999,-0.271760626410936,0.291,0.006957126530996,0.02619650012006,0.529131799134531,1.0426663970391,-0.325795684862518,-0.903376976346335,0.052393000240121,0.034055450156079,0.01309825006003,0.000261965001201
9.79999999999999,-0.366479129251918,0.294,0.028592982498838,-0.043886146753081,0.635342316828516,1.0481125678183,-0.354605546309563,-0.9849168705947,-0.087772293506162,-0.057051990779005,-0.021943073376541,-0.000438861467531
9.89999999999999,-0.45753589377531,0.297,0.091691293461647,-0.068844600313664,0.468493562263628,1.04235578413356,-0.387836015034987,-1.01911972317351,-0.137689200627328,-0.089497980407763,-0.034422300156832,-0.000688446003137
9.99999999999999,-0.544021110889358,0.3,0.04801362317253,-0.196007487716829,0.448263217613211,0.930799351612909,-0.538063208800653,-1.02334355793325,-0.392014975433658,-0.254809734031877,-0.098003743858414,-0.001960074877168
10.1,-0.62507064889287,0.302999999999999,0.074708639850521,-0.247362009042349,0.402567501197434,0.904986156766278,-0.570914152739747,-1.10146837243186,-0.494724018084699,-0.321570611755054,-0.123681004521175,-0.002473620090424
10.2,-0.699874687593531,0.305999999999999,0.015298503670487,-0.378576183923044,0.181200445205614,0.752443666934343,-0.704312502745363,-1.22850578833533,-0.757152367846088,-0.492149039099957,-0.189288091961522,-0.00378576183923
10.3,-0.767685809763571,0.308999999999999,0.126799236012213,-0.331886573751359,0.213114588678606,0.731038660639276,-0.80024130482259,-1.13974728730134,-0.663773147502718,-0.431452545876767,-0.165943286875679,-0.003318865737514
10.4,-0.827826469085645,0.311999999999999,0.04019466845453,-0.475631800631115,0.135064713234275,0.654949011539854,-0.798638914910761,-1.33821409452182,-0.95126360126223,-0.61832134082045,-0.237815900315558,-0.004756318006311
10.5,-0.879695759971662,0.314999999999999,0.021247760631747,-0.543447999339916,0.109607562111306,0.469703062462915,-0.960214891782808,-1.44080865314175,-1.08689599867983,-0.706482399141891,-0.271723999669958,-0.005434479993399
10.6,-0.9227754216128,0.317999999999999,0.158599211219076,-0.446176210393725,0.115662336019074,0.723768461327993,-0.832224690323604,-1.42793625452292,-0.89235242078745,-0.580029073511842,-0.223088105196862,-0.004461762103937
10.7,-0.956635016270183,0.320999999999999,0.168002156868131,-0.467632859402053,0.197128743911491,0.626690428688987,-0.80056364177716,-1.30197299558063,-0.935265718804105,-0.607922717222668,-0.233816429701026,-0.004676328594021
10.8,-0.980936230066488,0.323999999999999,0.026693618019097,-0.630242612047392,-0.002266371918739,0.38443401138185,-0.947758124658294,-1.47488173671673,-1.26048522409478,-0.81931539566161,-0.315121306023696,-0.006302426120474
10.9,-0.995436253306376,0.327,0.08210913707763,-0.586327116228746,0.102840678512554,0.436727834564621,-0.990261278962572,-1.52023912167964,-1.17265423245749,-0.76222525109737,-0.293163558114373,-0.005863271162287
11,-0.999990206550704,0.329999999999999,0.188683530921618,-0.481306675629086,0.124719995358765,0.709574081483192,-0.908090291294441,-1.47319601302617,-0.962613351258172,-0.625698678317812,-0.240653337814543,-0.004813066756291
11.1,-0.994552588203991,0.333,0.191853761264061,-0.46969882693993,0.141962181303652,0.699320956798828,-0.837017029037992,-1.45970541154144,-0.93939765387986,-0.610608475021909,-0.234849413469965,-0.004696988269399
11.2,-0.979177729151321,0.335999999999999,0.195780711741192,-0.447397017410129,0.118146041309427,0.678485633712437,-0.782553693473928,-1.25179715696159,-0.894794034820259,-0.581616122633168,-0.223698508705065,-0.004473970174101
11.3,-0.954019249902094,0.338999999999999,0.08228545527718,-0.532733794624915,0.099583368167409,0.569514551198602,-0.86652374107623,-1.43493608673004,-1.06546758924983,-0.692553933012389,-0.266366897312457,-0.005327337946249
11.4,-0.919328525664682,0.341999999999999,0.190031364534561,-0.387297161130121,0.187674482637806,0.649851537480208,-0.821022376949781,-1.19988823866784,-0.774594322260243,-0.503486309469158,-0.193648580565061,-0.003872971611301
11.5,-0.875452174688436,0.345,0.114316177949757,-0.41613599673868,0.113275432096122,0.723179393502157,-0.716549606925082,-1.26459962762021,-0.83227199347736,-0.540976795760284,-0.20806799836934,-0.004161359967387
11.6,-0.822828594968718,0.347999999999999,0.123686121611532,-0.351142473357187,0.20626939171092,0.831662248551766,-0.75329076185578,-1.27497324130154,-0.702284946714373,-0.456485215364343,-0.175571236678593,-0.003511424733572
11.7,-0.761983583919044,0.350999999999999,0.083055211494721,-0.327928372424324,0.207697210369164,0.864693643246808,-0.641838894218834,-1.28418816086549,-0.655856744848647,-0.426306884151621,-0.163964186212162,-0.003279283724243
11.8,-0.693525084777135,0.353999999999999,0.096228090120457,-0.243296994656679,0.35274865781794,0.931046507040562,-0.733327147959518,-1.06161468207273,-0.486593989313357,-0.316286093053682,-0.121648497328339,-0.002432969946567
11.9,-0.618137112237046,0.357,0.16802002433539,-0.093117087901656,0.469474954295349,1.0114732511108,-0.402406062188762,-0.999778686072919,-0.186234175803312,-0.121052214272153,-0.046558543950828,-0.000931170879017
12,-0.536572918000448,0.359999999999999,0.062386594503823,-0.114186323496626,0.395170407537261,0.892195575850961,-0.558986380619667,-1.09856607187923,-0.228372646993252,-0.148442220545614,-0.057093161748313,-0.001141863234966
12.1,-0.449647464534616,0.362999999999999,0.141313880129481,0.054666415594865,0.74592119721714,1.24738521987129,-0.333644155108835,-0.88986074424502,0.109332831189729,0.071066340273324,0.027333207797432,0.000546664155949
12.2,-0.358229282236844,0.365999999999999,0.02754680953679,0.035317527299946,0.698077075444592,1.11154793103477,-0.339583567454115,-0.915897667614059,0.070635054599892,0.04591278548993,0.017658763649973,0.000353175272999
12.3,-0.263231791365818,0.368999999999999,0.165431820397694,0.271200029031875,0.924907981451174,1.45525854742406,-0.038044460429882,-0.634671814813264,0.54240005806375,0.352560037741438,0.135600014515938,0.002712000290319
12.4,-0.165604175448325,0.371999999999999,0.059860918777659,0.266256743329333,0.901714588706716,1.31209639181839,-0.213691851895682,-0.671115052579017,0.532513486658666,0.346133766328133,0.133128371664666,0.002662567433293
12.5,-0.066321897351217,0.374999999999999,0.198236531026303,0.506914633675086,1.1749258479483,1.57778583636778,0.097389532908534,-0.470353278404776,1.01382926735017,0.658989023777611,0.253457316837543,0.005069146336751
12.6,0.033623047221121,0.377999999999999,0.087236354952259,0.498859402173379,1.06938686261372,1.51527140268154,0.054542995123394,-0.361395349627152,0.997718804346758,0.648517222825393,0.24942970108669,0.004988594021734
12.7,0.133232041419926,0.380999999999999,0.007783262883462,0.522015304303387,1.17157759195461,1.68623045193169,0.166562597398076,-0.354480838300616,1.04403060860677,0.678619895594404,0.261007652151694,0.005220153043034
12.8,0.231509825101522,0.383999999999999,0.114160571691558,0.72967039679308,1.33163901814565,1.74319202771318,0.391864028721039,-0.251791322446967,1.45934079358616,0.948571515831003,0.36483519839654,0.007296703967931
12.9,0.327474439137678,0.386999999999999,0.112731018015499,0.827205457153176,1.44659734343985,2.0060487169065,0.368206432430324,-0.093479845372575,1.65441091430635,1.07536709429913,0.413602728576588,0.008272054571532
13,0.420167036826626,0.39,0.133461715736852,0.943628752563477,1.44655263843376,2.03459466044816,0.623666022992344,0.128597176916452,1.88725750512695,1.22671737833252,0.471814376281739,0.009436287525635
13.1,0.50866146437236,0.392999999999999,0.147811655634728,1.04947312000709,1.60691694103006,2.19164283299549,0.701830368295158,0.110912004484638,2.09894624001418,1.36431505600921,0.524736560003544,0.010494731200071
13.2,0.59207351470721,0.395999999999999,0.00941276103953,0.99748627574674,1.57248084190454,2.05219740736551,0.615655406627281,0.088152345147037,1.99497255149348,1.29673215847076,0.49874313787337,0.009974862757467
13.3,0.669569762196589,0.398999999999999,0.165886142030495,1.23445590422708,1.79579442942875,2.30080771734795,0.804883413680559,0.340182656108174,2.46891180845417,1.60479267549521,0.617227952113542,0.012344559042271
13.4,0.740375889952438,0.402,0.096820171531696,1.23919606148413,1.90617154816488,2.39440872621364,0.908228833740812,0.32829283606271,2.47839212296827,1.61095487992937,0.619598030742067,0.012391960614841
13.5,0.803784426551611,0.405,0.160941871010448,1.36972629756206,1.96121847622234,2.48395794863709,1.0265902147467,0.392964054784968,2.73945259512412,1.78064418683068,0.68486314878103,0.013697262975621
13.6,0.859161814856488,0.408,0.036344260808212,1.3035060756647,1.89305606783636,2.32089410870834,0.985417805354078,0.494948244350779,2.6070121513294,1.69455789836411,0.651753037832349,0.013035060756647
13.7,0.905954742308455,0.410999999999999,0.017197930893252,1.33415267320171,1.85133488208491,2.36672142354538,0.847880290234402,0.412943253907925,2.66830534640341,1.73439847516222,0.667076336600853,0.013341526732017
13.8,0.943695669444099,0.413999999999999,0.036364490562827,1.39406016000693,1.99671490257434,2.45608311714562,0.929440194921944,0.580688629754954,2.78812032001385,1.812278208009,0.697030080003463,0.013940601600069
13.9,0.972007501394972,0.417,0.104471932196226,1.4934794335912,2.16850020504338,2.63805915361565,1.06297990982728,0.581670560175423,2.98695886718239,1.94152326366856,0.746739716795599,0.014934794335912
14,0.990607355694868,0.42,0.192340759807937,1.6029481155028,2.14133089185009,2.76729636500998,1.23625915310027,0.774308143986422,3.20589623100561,2.08383255015365,0.801474057751402,0.016029481155028
14.1,0.999309388747917,0.422999999999999,0.184909906955696,1.60721929570361,2.21653066487324,2.78442691498373,1.22459711475303,0.706913904297187,3.21443859140723,2.0893850844147,0.803609647851806,0.016072192957036
14.2,0.998026652716363,0.426,0.146096399220091,1.57012305193645,2.1387740173023,2.66356571222497,1.16866210928447,0.61818703232984,3.14024610387291,2.04115996751739,0.785061525968226,0.015701230519365
14.3,0.986771964274616,0.429,0.14796471249546,1.56373667677008,2.14988116863377,2.58822507633637,1.09056445069341,0.693272386021175,3.12747335354015,2.0328576798011,0.781868338385038,0.015637366767701
14.4,0.965657776549282,0.432,0.076655932537285,1.47431370908657,2.15451647264756,2.50403715080208,1.07568030026345,0.635469383285791,2.94862741817313,1.91660782181254,0.737156854543283,0.014743137090866
14.5,0.934895055524689,0.434999999999999,0.152702947438281,1.52259800296297,2.21867913950489,2.60305583848994,1.18285343600318,0.711627202873589,3.04519600592594,1.97937740385186,0.761299001481484,0.01522598002963
14.6,0.894791172140511,0.437999999999999,0.034509454472634,1.36730062661314,1.97783205572105,2.38723103325146,0.882603233488021,0.507744824979161,2.73460125322629,1.77749081459709,0.683650313306572,0.013673006266132
14.7,0.845746831142942,0.441,0.199513865039321,1.48626069618226,2.00201384646244,2.62332815254227,1.05806524959803,0.631296074292886,2.97252139236453,1.93213890503694,0.743130348091131,0.014862606961823
14.8,0.788252067375327,0.443999999999999,0.049188557903547,1.28144062527887,1.97580059738009,2.46995170438827,0.960880533083409,0.427770960215849,2.56288125055775,1.66587281286254,0.640720312639437,0.012814406252789
14.9,0.722881349511987,0.446999999999999,0.117644238700557,1.28752558821254,1.89699732342657,2.47487825878113,0.908763217138792,0.392832920687851,2.57505117642509,1.67378326467631,0.643762794106272,0.012875255882126
15,0.650287840157129,0.45,0.030587532917844,1.13087537307497,1.63910722427868,2.21087192952468,0.805419114813626,0.235217498877865,2.26175074614995,1.47013798499746,0.565437686537486,0.01130875373075
15.1,0.571196869660002,0.453,0.105912187442545,1.13010905710255,1.65758761608992,2.26988387226767,0.709317046991512,0.200853957910102,2.26021811420509,1.46914177423331,0.565054528551273,0.011301090571026
15.2,0.486398688853812,0.456,0.075068408704322,1.01746709755813,1.71093053707004,2.19075603865132,0.536349184623014,0.026677271393079,2.03493419511627,1.32270722682557,0.508733548779067,0.010174670975581
15.3,0.396740573130628,0.458999999999999,0.040637455855516,0.896378028986143,1.57876039800914,1.93429824364523,0.534437498025144,-0.037552649445173,1.79275605797229,1.16529143768199,0.448189014493072,0.008963780289861
15.4,0.303118356745717,0.462,0.082773962943783,0.8478923196895,1.50882092434619,2.03840845156189,0.370169814145657,-0.13607710567848,1.695784639379,1.10226001559635,0.42394615984475,0.008478923196895
15.5,0.206467481937812,0.465,0.068058561129835,0.739526043067647,1.41006852407676,1.83521480823573,0.255100761604356,-0.081903057290499,1.47905208613529,0.961383855987941,0.369763021533823,0.007395260430676
15.6,0.10775365229946,0.467999999999999,0.09348842273876,0.66924207503822,1.17449477119186,1.86357039794917,0.291790085946592,-0.156435370296103,1.33848415007644,0.870014697549686,0.33462103751911,0.006692420750382
15.7,0.007963183785952,0.470999999999999,0.101005703306927,0.579968887092878,1.25272424163949,1.61627112469073,0.103105480707109,-0.411999489250182,1.15993777418576,0.753959553220741,0.289984443546439,0.005799688870929
15.8,-0.091906850227664,0.474,0.098243687289878,0.480336837062213,1.1359115180234,1.54565110827458,0.039865468492893,-0.436278212378127,0.960673674124426,0.624437888180877,0.240168418531107,0.004803368370622
15.9,-0.190858581374174,0.477,0.114755307000748,0.400896725626573,1.02316610649432,1.4671548863623,0.020004634002193,-0.423316873115046,0.801793451253147,0.521165743314545,0.200448362813287,0.004008967256266
16,-0.28790331666505,0.479999999999999,0.111099082210963,0.303195765545913,0.862616658673301,1.39914234042542,-0.119805502050992,-0.612167574249271,0.606391531091825,0.394154495209686,0.151597882772956,0.003031957655459
16.1,-0.382071417183993,0.483,0.057695138445566,0.158623721261572,0.710806947832027,1.30067097313891,-0.166154327505092,-0.677823703139262,0.317247442523145,0.206210837640044,0.079311860630786,0.001586237212616
16.2,-0.472421986398454,0.486,0.165657316664624,0.17923533026617,0.800964338881718,1.20009538367652,-0.202876167050376,-0.73448704732772,0.35847066053234,0.233005929346021,0.089617665133085,0.001792353302662
16.3,-0.558052271286765,0.488999999999999,0.0736862484049,0.004633977118134,0.540507312655564,1.15408811995259,-0.474902521816719,-0.80030758094121,0.009267954236269,0.006024170253575,0.002316988559067,4.63397711813432E-05
16.4,-0.638106682347937,0.491999999999999,0.160232244914982,0.014125562567045,0.603578246349924,1.12417123975898,-0.448823349120275,-0.941843170950681,0.02825112513409,0.018363231337158,0.007062781283522,0.00014125562567
16.5,-0.711785342369113,0.495,0.087364009231804,-0.12942133313731,0.517634423486766,0.947054378155617,-0.511592763948778,-1.08539085663116,-0.25884266627462,-0.168247733078503,-0.064710666568655,-0.001294213331373
16.6,-0.778352078534287,0.498,0.134608269243876,-0.145743809290412,0.425752043628051,1.01170358811958,-0.485578239876091,-1.09179353102094,-0.291487618580824,-0.189466952077536,-0.072871904645206,-0.001457438092904
16.7,-0.837141778019739,0.501,0.048695222486749,-0.28744655553299,0.396816373943873,0.853691592086473,-0.74984335784401,-1.12468027831969,-0.574893111065981,-0.373680522192888,-0.143723277766495,-0.00287446555533
16.8,-0.887567033581496,0.503999999999999,0.034575367940492,-0.348991665641005,0.24207853575187,0.667046899805541,-0.689257140573236,-1.23301361159729,-0.69798333128201,-0.453689165333307,-0.174495832820502,-0.00348991665641
16.9,-0.929124012734363,0.507,0.037143580377556,-0.384980432356808,0.20246046817399,0.758152970333205,-0.844891933090534,-1.23170398084731,-0.769960864713615,-0.50047456206385,-0.192490216178404,-0.003849804323568
17,-0.961397491879553,0.51,0.060117576713262,-0.391279915166291,0.267088574526481,0.712291148759772,-0.737927260926234,-1.30686190764739,-0.782559830332582,-0.508663889716178,-0.195639957583146,-0.003912799151663
17.1,-0.98406500508164,0.512999999999999,0.149438490593939,-0.321626514487702,0.264166535802292,0.700473969144062,-0.758689855963343,-1.24511791616551,-0.643253028975403,-0.418114468834012,-0.160813257243851,-0.003216265144877
17.2,-0.996900066041595,0.516,0.012275615719181,-0.468624450322415,0.225569545934332,0.709697523364117,-0.789666030758317,-1.42384877640875,-0.937248900644829,-0.609211785419139,-0.234312225161207,-0.004686244503224
17.3,-0.999774431073011,0.518999999999999,0.039535077842521,-0.441239353230491,0.14338402266063,0.710292265544223,-0.745161658613669,-1.28254944163869,-0.882478706460982,-0.573611159199638,-0.220619676615245,-0.004412393532305
17.4,-0.992659380470635,0.521999999999999,0.035315013940022,-0.435344366530614,0.115919453737454,0.712854310041146,-0.859600511390238,-1.31766486295382,-0.870688733061227,-0.565947676489798,-0.217672183265307,-0.004353443665306
17.5,-0.975626005468161,0.525,0.064600593058534,-0.386025412409627,0.125334852308965,0.778775919748529,-0.722731335448311,-1.33174079914467,-0.772050824819255,-0.501833036132515,-0.193012706204814,-0.003860254124096
17.6,-0.94884449791813,0.527999999999999,0.158081196359123,-0.262763301559007,0.295927444784512,0.93110977196783,-0.689354545014559,-1.22402536083198,-0.525526603118014,-0.341592292026709,-0.131381650779504,-0.00262763301559
17.7,-0.91258244979119,0.531,0.123282783338768,-0.258299666452423,0.430787407616115,0.899914388042322,-0.637669257644872,-1.07702468179464,-0.516599332904846,-0.33578956638815,-0.129149833226211,-0.002582996664524
17.8,-0.86720217948559,0.533999999999999,0.014989680456471,-0.31821249902912,0.373450446610723,0.696024025741838,-0.682614857716731,-1.16043437310199,-0.63642499805824,-0.413676248737856,-0.15910624951456,-0.003182124990291
17.9,-0.813157111661497,0.537,0.194664295349828,-0.081492816311669,0.608394632373657,1.05418073552161,-0.38862814110395,-1.05443416669992,-0.162985632623338,-0.10594066120517,-0.040746408155835,-0.000814928163117
18,-0.750987246771685,0.54,0.193885637339898,-0.017101609431788,0.48909586669658,1.08628952012103,-0.47581142309695,-0.830702981651529,-0.034203218863575,-0.022232092261324,-0.008550804715894,-0.000171016094318
18.1,-0.681313765555513,0.542999999999999,0.14043828100169,0.002124515446177,0.563621278290065,1.1004193242628,-0.299714173292013,-0.833940537712559,0.004249030892353,0.00276187008003,0.001062257723088,2.12451544617673E-05
18.2,-0.604832822406298,0.545999999999999,0.171945500041688,0.113112677635389,0.614101865576705,1.14715441938264,-0.269284337661193,-0.829552176866666,0.226225355270778,0.147046480926006,0.056556338817695,0.001131126776354
18.3,-0.522308589626747,0.549,0.139012774176784,0.165704184550037,0.764962513222741,1.20716179002354,-0.259822561432296,-0.644536586384051,0.331408369100074,0.215415439915048,0.082852092275019,0.0016570418455
18.4,-0.434565622071909,0.551999999999999,0.183225637561047,0.300660015489137,0.949750781324856,1.46553527395971,-0.09345268523783,-0.573766981641235,0.601320030978273,0.390858020135878,0.150330007744568,0.003006600154891
18.5,-0.342480618469626,0.555,0.011454937321185,0.223974318851558,0.805996258818911,1.3768861277202,-0.201499535771263,-0.577020909797469,0.447948637703116,0.291166614507026,0.111987159425779,0.002239743188516
18.6,-0.246973661736638,0.558,0.116947303286445,0.427973641549807,1.09532687098411,1.58774426458489,0.020309944443547,-0.406552287130745,0.855947283099613,0.556365734014749,0.213986820774903,0.004279736415498
18.7,-0.148999025814216,0.560999999999999,0.020855262915828,0.432856237101611,0.964157859114774,1.59856671398045,0.043251255582691,-0.383385835572303,0.865712474203221,0.562713108232094,0.216428118550805,0.004328562371016
18.8,-0.049535640878385,0.563999999999999,0.031847100682624,0.546311459804238,1.09064532207403,1.63759141196396,0.048046512844106,-0.373861548583586,1.09262291960848,0.710204897745509,0.273155729902119,0.005463114598042
18.9,0.050422687806797,0.566999999999999,0.027367849405078,0.644790537211874,1.23148893748664,1.69125474012096,0.291013494658049,-0.205037289057272,1.28958107442375,0.838227698375436,0.322395268605937,0.006447905372119
19,0.149877209662938,0.57,0.087608288526706,0.807485498189643,1.48566904599968,1.99319652188507,0.34964859422068,-0.114009164816669,1.61497099637929,1.04973114764654,0.403742749094822,0.008074854981896
19.1,0.247834207982943,0.573,0.015904742726702,0.836738950709644,1.38948033707539,2.03007930561558,0.532289896957421,-0.066357056034038,1.67347790141929,1.08776063592254,0.418369475354822,0.008367389507096
19.2,0.343314928819879,0.575999999999999,0.105305732393965,1.02462066121384,1.6510433992217,2.2207772716631,0.556968553480954,0.049824388299078,2.04924132242769,1.332006859578,0.512310330606921,0.010246206612139
19.3,0.435365360372877,0.579,0.185885297531383,1.20025065790426,1.70763851811224,2.39438538004472,0.864451573319469,0.238438695182726,2.40050131580852,1.56032585527554,0.60012532895213,0.012002506579043
19.4,0.523065765157684,0.582,0.1312124247371,1.23627818989478,1.85740022142957,2.35818877552069,0.878084525015798,0.321350464008142,2.47255637978957,1.60716164686322,0.618139094947392,0.012362781898948
19.5,0.60553986971959,0.585,0.058708793975696,1.24924866369529,1.9478155663752,2.42575397904731,0.898708966462864,0.444736692374782,2.49849732739057,1.62402326280387,0.624624331847643,0.012492486636953
19.6,0.681963620068123,0.587999999999999,0.054730290644962,1.32469391071308,1.85082686689912,2.38357254961662,0.975861739964351,0.429802127032593,2.64938782142617,1.72210208392701,0.662346955356542,0.013246939107131
19.7,0.751573415352139,0.591,0.19071210266112,1.53328551801326,2.07820580652708,2.53772516974486,1.06744641377774,0.538475084997864,3.06657103602652,1.99327117341724,0.766642759006629,0.015332855180133
19.8,0.813673737507095,0.593999999999999,0.188712434605429,1.59638617211252,2.22674258594511,2.65399050797978,1.24821717812938,0.711289007328281,3.19277234422505,2.07530202374628,0.798193086056262,0.015963861721125
19.9,0.86764410064166,0.597,0.175021426979521,1.63966552762118,2.16419483442151,2.7806699653328,1.28173274782928,0.778254450235949,3.27933105524236,2.13156518590754,0.819832763810591,0.016396655276212
20,0.912945250727622,0.6,0.079932374361692,1.59287762508931,2.20820058104415,2.73821817844698,1.2081430513867,0.652760054431503,3.18575525017863,2.07074091261611,0.796438812544657,0.015928776250893
20.1,0.949124553647889,0.603,0.16979913377641,1.7219236874243,2.22594441083362,2.79173312807731,1.26346116025974,0.857168108260265,3.4438473748486,2.23850079365159,0.860961843712149,0.017219236874243
20.2,0.975820517766972,0.606,0.031878820496362,1.61369933826333,2.20503878423374,2.72286073686312,1.24048241139582,0.72704273383425,3.22739867652667,2.09780913974233,0.806849669131667,0.016136993382633
20.3,0.992766405835905,0.608999999999999,0.124214005884533,1.72598041172044,2.35537154031091,2.88263999168248,1.40349163056301,0.82215682209142,3.45196082344087,2.24377453523657,0.862990205860219,0.017259804117204
20.4,0.999792900142669,0.612,0.06775022140697,1.67954312154964,2.292870267492,2.87681249697449,1.35361812219656,0.743750422006122,3.35908624309928,2.18340605801453,0.839771560774819,0.016795431215496
20.5,0.9968297942788,0.615,0.150751990948165,1.76258178522696,2.44242600482608,2.93138880928073,1.28500575823762,0.780267763393044,3.52516357045393,2.29135632079505,0.881290892613482,0.01762581785227
20.6,0.983906694618619,0.617999999999999,0.134776906878452,1.73668360149707,2.30413082716061,2.90911918850218,1.29453178779701,0.836425873600552,3.47336720299414,2.25768868194619,0.868341800748535,0.017366836014971
20.7,0.96115272450212,0.621,0.194520767706102,1.77667349220822,2.33169634305217,2.84596157047171,1.43961926371307,0.787573627903208,3.55334698441644,2.30967553987069,0.888336746104111,0.017766734922082
20.8,0.928795234077247,0.623999999999999,0.070805282048001,1.62360051612525,2.29791782878282,2.76535619108185,1.16087669553898,0.780640016565863,3.24720103225049,2.11068067096282,0.811800258062623,0.016236005161253
20.9,0.887157528692358,0.627,0.179285861122615,1.69344338981497,2.37958834770922,2.87786722551168,1.31139437416642,0.886785855952324,3.38688677962994,2.20147640675946,0.846721694907486,0.01693443389815
21,0.836655638536064,0.63,0.078900776151499,1.54555641468756,2.08886029803481,2.68040895700081,1.06884948713793,0.714374779965429,3.09111282937513,2.00922333909383,0.772778207343781,0.015455564146876
21.1,0.777794161801104,0.632999999999999,0.082846497097138,1.49364065889824,2.00004735165714,2.53260062164941,1.13892202647105,0.587336153894095,2.98728131779648,1.94173285656771,0.746820329449121,0.014936406588983
21.2,0.711161222905992,0.636,0.141838461155528,1.48899968406152,2.03698777029924,2.5432726887754,1.13914283664649,0.606650895500404,2.97799936812304,1.93569958927998,0.74449984203076,0.014889996840615
21.3,0.637422596150253,0.638999999999999,0.08239101855663,1.35881361470688,1.8802437433782,2.41783186052221,0.90021465148268,0.496705050783521,2.71762722941376,1.76645769911895,0.679406807353441,0.013588136147069
21.4,0.557315053517673,0.641999999999999,0.193562274905743,1.39287732842342,2.05685568417893,2.46950980512459,0.912431294126031,0.563096080385775,2.78575465684683,1.81074052695044,0.696438664211708,0.013928773284234
21.5,0.471639003094209,0.645,0.006359094689943,1.12299809778415,1.70777578706924,2.17156602799622,0.646192901160753,0.165301689014436,2.2459961955683,1.4598975271194,0.561499048892076,0.011229980977842
21.6,0.381250491654957,0.647999999999999,0.037494586723561,1.06674507837852,1.71063002611004,2.11784892061926,0.721931697998899,0.253927597935283,2.13349015675703,1.38676860189207,0.533372539189258,0.010667450783785
21.7,0.287052651327742,0.651,0.015180297165643,0.953232948493385,1.59155422798697,1.98218254579146,0.479242023056519,0.015218565895479,1.90646589698677,1.2392028330414,0.476616474246692,0.009532329484934
21.8,0.189986675795455,0.654,0.101279935204333,0.945266610999787,1.51477182517515,2.0787081499501,0.459821623029217,0.079878146057315,1.89053322199957,1.22884659429972,0.472633305499894,0.009452666109998
21.9,0.091022416199862,0.656999999999999,0.07182262502404,0.819845041223902,1.4151159434916,1.90702271948013,0.505072341565131,-0.032910221240286,1.6396900824478,1.06579855359107,0.409922520611951,0.008198450412239
22,-0.00885130929039,0.66,0.03278886201058,0.68393755272019,1.26069599250904,1.70231104293324,0.343761324082965,-0.138497088744727,1.36787510544038,0.889118818536247,0.341968776360095,0.006839375527202
22.1,-0.108636595424062,0.662999999999999,0.086898767027647,0.641262171603584,1.1635317982331,1.80859527667073,0.309352359216684,-0.267190924898249,1.28252434320717,0.83364082308466,0.320631085801792,0.006412621716036
22.2,-0.207336420606745,0.666,0.148213659675779,0.606877239069034,1.25990487718695,1.6427511074054,0.199283155636073,-0.341959332501492,1.21375447813807,0.788940410789744,0.303438619534517,0.00606877239069
22.3,-0.30396460881103,0.668999999999999,0.009918073425492,0.374953464614462,1.02236774889789,1.4133636022254,-0.072982734118368,-0.467857453536022,0.749906929228923,0.4874395039988,0.187476732307231,0.003749534646145
22.4,-0.39755568312142,0.671999999999999,0.194424973105195,0.468869289983775,1.05998592649366,1.66320786676032,0.03370168508057,-0.345460864304524,0.937738579967549,0.609530076978907,0.234434644991887,0.004688692899838
22.5,-0.487174512460497,0.675,0.183450064594418,0.371275552133921,0.976347434700761,1.53082506266955,-0.021027913491595,-0.593720090740488,0.742551104267842,0.482658217774097,0.18563777606696,0.003712755521339
22.6,-0.571925655109549,0.678,0.142845233338661,0.248919578229111,0.813325748208947,1.42394069509738,-0.082891824034439,-0.618132119246531,0.497839156458223,0.323595451697845,0.124459789114556,0.002489195782291
22.7,-0.650962305666236,0.680999999999999,0.152350869993799,0.182388564327562,0.702322211509587,1.35753225530856,-0.155054739240924,-0.810238357204871,0.364777128655125,0.237105133625831,0.091194282163781,0.001823885643276
22.8,-0.723494756044233,0.683999999999999,0.197934326822881,0.158439570778647,0.787880259798828,1.35755624360238,-0.183143018982116,-0.749827024854927,0.316879141557295,0.205971442012242,0.079219785389324,0.001584395707786
22.9,-0.788798285975408,0.687,0.168713729315172,0.066915443339764,0.744831696233902,1.17440472170545,-0.330685469670559,-0.813057001396173,0.133830886679527,0.086990076341693,0.033457721669882,0.000669154433398
23,-0.846220404175163,0.69,0.034187391809856,-0.122033012365308,0.496851293170113,0.933290973314998,-0.527162264651185,-0.96650979313677,-0.244066024730615,-0.1586429160749,-0.061016506182654,-0.001220330123653
23.1,-0.895187367819674,0.692999999999999,0.095324273866695,-0.10686309395298,0.563208695898195,1.02874542012532,-0.453751933392782,-0.931722710546415,-0.213726187905959,-0.138922022138873,-0.05343154697649,-0.00106863093953
23.2,-0.935209915194534,0.695999999999999,0.195860197915968,-0.043349717278566,0.473915099213855,0.958835743283172,-0.529445544371149,-0.843996550637029,-0.086699434557132,-0.056354632462136,-0.021674858639283,-0.000433497172786
23.3,-0.965888154236066,0.699,0.188965325098091,-0.077922829137975,0.512648328418006,0.965809126913768,-0.38629044808365,-0.911358373306952,-0.15584565827595,-0.101299677879368,-0.038961414568988,-0.00077922829138
23.4,-0.986915558120646,0.702,0.189008325609567,-0.09590723251108,0.431397301752682,0.960037976200625,-0.514537386600064,-0.92704303791665,-0.191814465022159,-0.124679402264404,-0.04795361625554,-0.000959072325111
23.5,-0.998082027979395,0.704999999999999,0.173024088714505,-0.120057939264891,0.431856583284381,1.05651476866094,-0.573720624384589,-1.0169440219725,-0.240115878529781,-0.156075321044358,-0.060028969632445,-0.001200579392649
23.6,-0.999275992136628,0.708,0.017674821838448,-0.273601170298181,0.357950003142067,0.838824171119358,-0.577594576395061,-1.10846124344022,-0.547202340596361,-0.355681521387635,-0.13680058514909,-0.002736011702982
23.7,-0.990485520897158,0.711,0.090019620211333,-0.189465900685826,0.416431917049494,0.913594393813727,-0.632482093959328,-1.15454224301154,-0.378931801371652,-0.246305670891574,-0.094732950342913,-0.001894659006858
23.8,-0.971798445743867,0.713999999999999,0.036665612474597,-0.221132833269271,0.465699928895407,0.911142214272569,-0.684122380920245,-1.04849869404801,-0.442265666538542,-0.287472683250052,-0.110566416634635,-0.002211328332693
23.9,-0.94340148175456,0.716999999999999,0.193585608196944,-0.032815873557617,0.586260229905209,1.14904082346145,-0.455713060923231,-1.01815298231407,-0.065631747115234,-0.042660635624902,-0.016407936778809,-0.000328158735576
24,-0.90557836200663,0.72,0.024080440305751,-0.161497921700879,0.371645409739492,1.02267325277115,-0.532420273166683,-1.12464339618369,-0.322995843401759,-0.209947298211143,-0.08074896085044,-0.001614979217009
24.1,-0.858707002609938,0.723,0.101737086887217,-0.033969915722722,0.551275453297843,0.981568394771157,-0.466713106052352,-0.975749265054203,-0.067939831445444,-0.044160890439539,-0.016984957861361,-0.000339699157227
24.2,-0.803255726693963,0.726,0.056774343034756,-0.020481383659208,0.604992525791148,1.12099504819854,-0.38025928204337,-0.914870046127106,-0.040962767318415,-0.02662579875697,-0.010240691829604,-0.000204813836592
24.3,-0.739778585077905,0.728999999999999,0.147006097804684,0.136227512726778,0.761336214244476,1.21144023325019,-0.191779396861676,-0.773061868682842,0.272455025453557,0.177095766544812,0.068113756363389,0.001362275127268
24.4,-0.668909820378035,0.732,0.09810856793106,0.161198747553025,0.68378967568571,1.24822362579868,-0.149104186640379,-0.718953335737381,0.32239749510605,0.209558371818933,0.080599373776513,0.00161198747553
24.5,-0.591357529865136,0.735,0.107996210025664,0.251638680160528,0.836872518345364,1.34909924090365,-0.055690241787622,-0.662208767466086,0.503277360321055,0.327130284208686,0.125819340080264,0.002516386801605
24.6,-0.507896590390637,0.737999999999999,0.124547280187649,0.354650689797011,0.922779405994606,1.40120710659624,-0.003300817425352,-0.641430097039371,0.709301379594022,0.461045896736114,0.177325344898505,0.00354650689797
24.7,-0.419360916073244,0.741,0.061083563194555,0.38272264712131,0.932500249261262,1.53048102789032,-0.01179480435084,-0.496559982342764,0.76544529424262,0.497539441257703,0.191361323560655,0.003827226471213
24.8,-0.326635126104739,0.743999999999999,0.165108484747136,0.582473358642396,1.22264196142193,1.62908037420273,0.200746705453707,-0.242238892208914,1.16494671728479,0.757215366235115,0.291236679321198,0.005824733586424
24.9,-0.230645705927409,0.747,0.165971544736642,0.682325838809232,1.28903506082975,1.86911690036492,0.243967184926501,-0.215787716760063,1.36465167761846,0.887023590452002,0.341162919404616,0.006823258388092
25,-0.132351750097787,0.75,0.178592087397827,0.796240337300039,1.30751541685058,1.87615910287441,0.333984465049314,-0.169319585563264,1.59248067460008,1.03511243849005,0.39812016865002,0.007962403373
25.1,-0.032735379330863,0.752999999999999,0.010293925428135,0.730558546097271,1.37246724505624,1.77627950052434,0.265455646487758,-0.12992434712358,1.46111709219454,0.949726109926453,0.365279273048636,0.007305585460973
25.2,0.067208072525461,0.756,0.173162869187428,0.996370941712888,1.5230750524144,2.10648791655841,0.502376304370085,0.109743891202498,1.99274188342578,1.29528222422675,0.498185470856444,0.009963709417129
25.3,0.166480003537142,0.758999999999999,0.030183935913443,0.955663939450584,1.63672162058778,2.11093618478451,0.565782587419625,0.020720587709265,1.91132787890117,1.24236312128576,0.477831969725292,0.009556639394506
25.4,0.264088521384456,0.761999999999999,0.193599888775494,1.21968841015995,1.75312308685268,2.26777533440229,0.736751647114891,0.372373458698037,2.4393768203199,1.58559493320793,0.609844205079975,0.0121968841016
25.5,0.359058354022155,0.765,0.037096744280936,1.16115509830309,1.73736941961551,2.27772431398982,0.758475594273634,0.202501156351619,2.32231019660618,1.50950162779402,0.580577549151545,0.011611550983031
25.6,0.450440594275374,0.767999999999999,0.137230913300882,1.35567150757626,1.85869409846645,2.37361951955263,0.970780780659123,0.484905968134502,2.71134301515251,1.76237295984913,0.677835753788128,0.013556715075763
25.7,0.53732218100646,0.771,0.160381459440294,1.46870364044675,2.03014308339531,2.53590427615543,1.12208261458148,0.59175749631655,2.93740728089351,1.90931473258078,0.734351820223377,0.014687036404468
25.8,0.618835022120025,0.773999999999999,0.136932571987795,1.52976759410782,2.17474425473144,2.71491679970985,1.1231857364237,0.718415380967352,3.05953518821564,1.98869787234017,0.76488379705391,0.015297675941078
25.9,0.694164668252232,0.776999999999999,0.122937877413815,1.59410254566605,2.20585650881922,2.64323688141021,1.16790236646152,0.763156664637589,3.18820509133209,2.07233330936586,0.797051272833023,0.015941025456661
26,0.762558450479594,0.78,0.072898711634208,1.6154571621138,2.28616741639826,2.71634249040649,1.25767542435653,0.723823059892366,3.2309143242276,2.10009431074794,0.807728581056901,0.016154571621138
26.1,0.823333000738071,0.783,0.125652905898648,1.73198590663672,2.36217140551856,2.78021214220004,1.39336913827051,0.851067113423121,3.46397181327344,2.25158167862774,0.86599295331836,0.017319859066367
26.2,0.875881079810882,0.785999999999999,0.043307963757898,1.70518904356878,2.3965360864823,2.78734212981353,1.2660720003875,0.80801274222454,3.41037808713756,2.21674575663941,0.85259452178439,0.017051890435688
26.3,0.919677644662013,0.788999999999999,0.14449235781061,1.85317000247262,2.42783301638929,2.94297063301167,1.37808493248282,0.931479458654796,3.70634000494525,2.40912100321441,0.926585001236311,0.018531700024726
26.4,0.954285094492693,0.791999999999999,0.144278847902312,1.890563942395,2.52542240442823,2.97658373945522,1.56830944107632,0.929254587567275,3.78112788479001,2.45773312511351,0.945281971197502,0.01890563942395
26.5,0.979357643103914,0.795,0.110200713630722,1.88455835673464,2.4232944213523,2.92701296632853,1.57319753450111,1.05102899484582,3.76911671346927,2.44992586375503,0.942279178367318,0.018845583567346
26.6,0.994644773877836,0.797999999999999,0.0324081570691,1.82505293094694,2.38308361352595,2.99405608110767,1.46134653547644,0.945531243176483,3.65010586189387,2.37256881023102,0.912526465473468,0.018250529309469
26.7,0.999993742857021,0.800999999999999,0.037327705869374,1.83832144872639,2.46923476666553,2.97738640588997,1.49247131682183,0.959501407234976,3.67664289745279,2.38981788334431,0.919160724363197,0.018383214487264
26.8,0.995351104911561,0.803999999999999,0.173584881107284,1.97293598601884,2.6330397360928,3.10670795566143,1.63314145736873,1.03120707215351,3.94587197203769,2.5648167818245,0.986467993009422,0.019729359860189
26.9,0.980763247745156,0.807,0.098003906536412,1.88576715428157,2.58337894051103,2.98779101410435,1.45560868742512,0.894326249561531,3.77153430856313,2.45149730056604,0.942883577140784,0.018857671542816
27,0.956375928404507,0.809999999999999,0.169766646813633,1.93614257521814,2.56444959550614,2.99777720257584,1.62653699489538,0.991008061016867,3.87228515043628,2.51698534778358,0.96807128760907,0.019361425752181
27.1,0.922432816923093,0.812999999999999,0.126339685100995,1.86177250202409,2.49793763711214,3.04825415281709,1.52516266592815,1.04186024830335,3.72354500404817,2.42030425263131,0.930886251012043,0.018617725020241
27.2,0.879273061650731,0.816,0.14609905640788,1.84137211805861,2.44559606816312,2.96194096028247,1.40269477488847,0.896771080597195,3.68274423611722,2.39378375347619,0.920686059029305,0.018413721180586
27.3,0.827327900595389,0.818999999999999,0.131786304858579,1.77811420545397,2.29132596586691,2.8305087648594,1.29491283926873,0.929039795250321,3.55622841090793,2.31154846709016,0.889057102726983,0.01778114205454
27.4,0.767116352635539,0.822,0.118999966801341,1.70811631943688,2.23724455438073,2.8098677921443,1.27674559382104,0.72705170320879,3.41623263887376,2.22055121526794,0.85405815971844,0.017081163194369
27.5,0.699240031655108,0.825,0.067024152454914,1.59126418411002,2.22913133550649,2.78079623931761,1.23020775864432,0.596102385105784,3.18252836822004,2.06864343934303,0.795632092055011,0.0159126418411
27.6,0.624377135416405,0.827999999999999,0.119587822061705,1.57196495747811,2.13750012551746,2.62417550403942,1.24027809422671,0.703555907315168,3.14392991495622,2.04355444472154,0.785982478739055,0.015719649574781
27.7,0.54327566923226,0.831,0.105300897277052,1.47957656650931,2.0001207057074,2.61598926721941,1.05465959082185,0.531518889334624,2.95915313301862,1.92344953646211,0.739788283254656,0.014795765665093
27.8,0.456745972144209,0.833999999999999,0.041729181537417,1.33247515368163,1.99413166875007,2.4109217482058,0.972308160155102,0.454934779629758,2.66495030736325,1.73221769978611,0.666237576840812,0.013324751536816
27.9,0.365652620282635,0.836999999999999,0.010497807463105,1.21315042774574,1.90088988066119,2.3950281891868,0.761966862034377,0.35815680970688,2.42630085549148,1.57709555606946,0.606575213872869,0.012131504277457
28,0.270905788307883,0.84,0.007297606800178,1.11820339510806,1.66928844739205,2.26157186391076,0.732515876810854,0.127120900587475,2.23640679021612,1.45366441364048,0.55910169755403,0.011182033951081
28.1,0.17345215524591,0.842999999999999,0.020399269826548,1.03685142507246,1.66328721270994,2.20462659719095,0.6032675817255,0.187835987136481,2.07370285014491,1.34790685259419,0.518425712536229,0.010368514250725
28.2,0.074265445584376,0.846,0.094795057493608,1.01506050307798,1.6513888394221,2.11892137088667,0.606398497525421,0.052452204835364,2.03012100615597,1.31957865400138,0.507530251538991,0.01015060503078
28.3,-0.025663299860542,0.848999999999999,0.187884139733384,1.01122083987284,1.64540138157161,2.01567350368955,0.691307781936453,0.187737232673811,2.02244167974568,1.31458709183469,0.505610419936421,0.010112208398729
28.4,-0.125335626096415,0.851999999999999,0.116376453847156,0.843040827750741,1.45357145163615,2.0175337681735,0.502902643450218,0.01763577496902,1.68608165550148,1.09595307607596,0.42152041387537,0.008430408277507
28.5,-0.223755640186783,0.855,0.160383068649033,0.79162742846225,1.37548048902388,1.86825344914105,0.340605614519828,-0.18709814135571,1.5832548569245,1.02911565700093,0.395813714231125,0.007916274284623
28.6,-0.319939961884181,0.857999999999999,0.195299245261103,0.733359283376921,1.27965059717864,1.86929823577269,0.239758187999625,-0.206780142450819,1.46671856675384,0.953367068389997,0.36667964168846,0.007333592833769
28.7,-0.412927549240527,0.860999999999999,0.165474948703627,0.6135473994631,1.21522873976547,1.80053033201705,0.148326130041246,-0.353715822782302,1.2270947989262,0.79761161930203,0.30677369973155,0.006135473994631
28.8,-0.501789301020559,0.863999999999999,0.169272748474647,0.531483447454087,1.09056650260305,1.67384712330179,0.069143897486371,-0.372650508807854,1.06296689490818,0.690928481690314,0.265741723727044,0.005314834474541
28.9,-0.585637339974286,0.866999999999999,0.091656965903589,0.373019625929303,0.945454334132074,1.55600099525482,0.037605849832486,-0.61504208084825,0.746039251858605,0.484925513708094,0.186509812964651,0.003730196259293
29,-0.663633884212957,0.87,0.138085319023519,0.344451434810562,0.848473215000838,1.46384884088412,-0.006144787402976,-0.608425043140849,0.688902869621123,0.44778686525373,0.172225717405281,0.003444514348106
29.1,-0.734999618048766,0.872999999999999,0.027838838490692,0.165839220441926,0.844053028522424,1.26836928929664,-0.141646339152275,-0.782215522230401,0.331678440883851,0.215590986574503,0.082919610220963,0.001658392204419
29.2,-0.799021478659605,0.875999999999999,0.042293557065527,0.119272078405921,0.778213007277381,1.21939187367827,-0.379713514919032,-0.868014845334056,0.238544156811842,0.155053701927697,0.059636039202961,0.001192720784059
29.3,-0.855059780777063,0.879,0.07009908816354,0.094039307386476,0.728470949956452,1.1522481677192,-0.38034030534975,-0.902307390162634,0.188078614772952,0.122251099602419,0.047019653693238,0.000940393073865
29.4,-0.902554608210179,0.881999999999999,0.057009516477485,0.036454908267306,0.641619311987592,1.16995565463389,-0.431568709232058,-0.957774968957627,0.072909816534611,0.047391380747497,0.018227454133653,0.000364549082673
29.5,-0.941031408342949,0.884999999999999,0.135078896180166,0.079047487837217,0.75151499976214,1.22956082221759,-0.323264255561159,-0.850863876663276,0.158094975674433,0.102761734188382,0.039523743918608,0.000790474878372
29.6,-0.970105733707181,0.887999999999999,0.139747324472883,0.057641590765701,0.619452168047541,1.16958502933199,-0.425072753056068,-0.836366284980328,0.115283181531402,0.074934067995412,0.028820795382851,0.000576415907657
29.7,-0.989487083254533,0.891,0.021064861003428,-0.077422222251105,0.461968499039458,1.04514831552772,-0.496176528631364,-0.99427704129551,-0.154844444502211,-0.100648888926437,-0.038711111125553,-0.000774222222511
29.8,-0.998981804946948,0.893999999999999,0.032407354757216,-0.072574450189734,0.55228032937737,0.939857790407762,-0.538067082212921,-1.0163962551405,-0.145148900379467,-0.094346785246654,-0.036287225094867,-0.000725744501897
29.9,-0.998495030663815,0.896999999999999,0.075751307257401,-0.025743723406415,0.631208887446374,1.02107884210651,-0.394278989479293,-0.9067022635503,-0.05148744681283,-0.03346684042834,-0.012871861703208,-0.000257437234064
30,-0.988031624092865,0.9,0.164021269600705,0.07598964550784,0.74826675267213,1.13135914717422,-0.323759678779258,-0.903356045342623,0.15197929101568,0.098786539160192,0.03799482275392,0.000759896455078
30.1,-0.96769613213381,0.902999999999999,0.110060663522711,0.045364531388901,0.736983461198585,1.08124904437962,-0.388869627312795,-0.889024812483276,0.090729062777801,0.058973890805571,0.02268226569445,0.000453645313889
30.2,-0.937691740300286,0.905999999999999,0.084325400602986,0.052633660302699,0.607475744066486,1.06855746259499,-0.273758772968661,-0.887569131035346,0.105267320605399,0.068423758393509,0.02631683015135,0.000526336603027
30.3,-0.898318242557362,0.908999999999999,0.038566201402922,0.049247958845559,0.694815896822402,1.04981200646123,-0.324739819929607,-0.786707367463362,0.098495917691118,0.064022346499227,0.02462397942278,0.000492479588456
30.4,-0.849969045879335,0.911999999999999,0.147725310172555,0.209756264293219,0.830126846187622,1.232971899144,-0.213164185041276,-0.650547398873335,0.419512528586438,0.272683143581185,0.10487813214661,0.002097562642932
30.5,-0.793127239457296,0.915,0.012724382090193,0.134597142632897,0.75267113982457,1.31338951511897,-0.206699215369853,-0.724715663819914,0.269194285265793,0.174976285422765,0.067298571316448,0.001345971426329
30.6,-0.728360767831606,0.917999999999999,0.070992886384447,0.260632118552841,0.81004711331146,1.36512843217836,-0.100339281384001,-0.54051762506241,0.521264237105681,0.338821754118693,0.13031605927642,0.002606321185528
30.7,-0.656316756177801,0.920999999999999,0.023492879580498,0.288176123402696,0.796313481062294,1.40012907258774,-0.0719552298425,-0.585797315435844,0.576352246805392,0.374628960423504,0.144088061701348,0.002881761234027
30.8,-0.577715044445746,0.924,0.11472894834144,0.461013903895693,1.08703690570497,1.55684229702272,-0.002606007746487,-0.536762101956148,0.922027807791387,0.599318075064401,0.230506951947847,0.004610139038957
30.9,-0.493340994956791,0.926999999999999,0.174109474971521,0.60776848001473,1.13163171109519,1.63770078912196,0.254066578923812,-0.330238063782722,1.21553696002946,0.790099024019149,0.303884240007365,0.006077684800147
31,-0.404037645323081,0.929999999999999,0.117756265043711,0.643718619720629,1.23019736956661,1.78779010926846,0.205404318046844,-0.225940752065015,1.28743723944126,0.836834205636818,0.321859309860315,0.006437186197206
31.1,-0.310697285094389,0.933,0.059189973332407,0.681492688238017,1.21687008358696,1.68573735492167,0.199448413555402,-0.242574715021296,1.36298537647603,0.885940494709422,0.340746344119009,0.00681492688238
31.2,-0.214252540295902,0.935999999999999,0.104866116814439,0.826613576518537,1.51037608857916,2.00692422909635,0.462302483617524,-0.013059635723106,1.65322715303707,1.0745976494741,0.413306788259268,0.008266135765185
31.3,-0.115667054937255,0.939,0.074029314863409,0.897362259926154,1.49359953959055,1.97345865779781,0.415973367078924,0.01873194664757,1.79472451985231,1.166570937904,0.448681129963077,0.008973622599262
31.4,-0.015925862600116,0.941999999999999,0.123952488426032,1.05002662582592,1.58167468520771,2.23125902597141,0.717690592056934,0.158496788254324,2.10005325165183,1.36503461357369,0.525013312912958,0.010500266258259
31.5,0.083974455691729,0.944999999999999,0.172419174188064,1.20139362987979,1.80344054524275,2.28633028323504,0.884120423900419,0.388905230833,2.40278725975958,1.56181171884373,0.600696814939896,0.012013936298798
31.6,0.183035728980571,0.948,0.191765937964637,1.32280166694521,1.87858215987284,2.49270606464984,0.826004527217679,0.418097873575554,2.64560333389042,1.71964216702877,0.661400833472604,0.013228016669452
31.7,0.280268169769006,0.950999999999999,0.18550673037832,1.41677490014733,1.99834235544842,2.59661009310185,1.04020711337513,0.608878906577893,2.83354980029465,1.84180737019152,0.708387450073663,0.014167749001473
31.8,0.374700263649445,0.953999999999999,0.188036351312411,1.51673661496186,2.13997949628468,2.62405931650344,1.11350562272186,0.663490816117951,3.03347322992371,1.97175759945041,0.758368307480928,0.015167366149619
31.9,0.465388476354943,0.957,0.017161758233369,1.43955023458831,2.12697718684039,2.57296182901921,1.02408575930782,0.582266984808883,2.87910046917662,1.87141530496481,0.719775117294156,0.014395502345883
32,0.551426681241679,0.959999999999999,0.168323683184001,1.67975036442568,2.25112083600588,2.68627342675207,1.37501524149318,0.84537710000191,3.35950072885136,2.18367547375338,0.83987518221284,0.016797503644257
32.1,0.631955213006868,0.962999999999999,0.108318606341798,1.70327381934867,2.36673813308367,2.72552701524849,1.35659078429197,0.868519012267469,3.40654763869733,2.21425596515327,0.851636909674333,0.017032738193487
32.2,0.706169457180319,0.965999999999999,0.131488804542971,1.80365826172329,2.34692833331242,2.88230530633629,1.30493500676558,0.805197071086459,3.60731652344658,2.34475574024028,0.901829130861645,0.018036582617233
32.3,0.773327889566212,0.968999999999999,0.021918724466239,1.76424661403245,2.36089267533919,2.93687191357482,1.44335359307276,0.819459389005402,3.5284932280649,2.29352059824219,0.882123307016225,0.017642466140325
32.4,0.832759485307772,0.972,0.110989550784734,1.91574903609251,2.47957481421166,3.05372307987606,1.48333336112711,1.10293900958685,3.83149807218501,2.49047374692026,0.957874518046252,0.019157490360925
32.5,0.883870423545824,0.975,0.081581980002347,1.94045240354817,2.6332178536292,3.07397010599708,1.50628066081265,1.11827429822168,3.88090480709634,2.52258812461262,0.970226201774085,0.019404524035482
32.6,0.926150020680521,0.977999999999999,0.188355669052117,2.09250568973264,2.75789971747314,3.18866502940456,1.62919732985879,1.15822088570168,4.18501137946527,2.72025739665243,1.04625284486632,0.020925056897326
32.7,0.959175832953074,0.980999999999999,0.002503574189423,1.9426794071425,2.59652803616731,2.98111162438986,1.63164902372736,1.02775615886451,3.88535881428499,2.52548322928525,0.971339703571248,0.019426794071425
32.8,0.982617877364137,0.983999999999999,0.165901248789533,2.13251912615367,2.75391487057978,3.31143131160892,1.66719011911137,1.15180671772298,4.26503825230734,2.77227486399977,1.06625956307683,0.021325191261537
32.9,0.996241928754862,0.987,0.109463649945101,2.09270557869996,2.74899352677349,3.09402329602327,1.78983453320199,1.2212057589792,4.18541115739993,2.72051725230995,1.04635278934998,0.020927055787
33,0.999911860107267,0.99,0.199215621818359,2.18912748192563,2.8490251326265,3.35302999818511,1.81963334051841,1.31646764801324,4.37825496385125,2.84586572650331,1.09456374096281,0.021891274819256
33.1,0.993591002680397,0.992999999999999,0.184047219835723,2.17063822251612,2.80024409576353,3.21350802494709,1.7690828245468,1.20416211403063,4.34127644503224,2.82182968927096,1.08531911125806,0.021706382225161
33.2,0.977342512392263,0.995999999999999,0.019043108983511,1.99238562137577,2.59428334795209,3.14004913212529,1.54647353288733,1.07921473593531,3.98477124275155,2.59010130778851,0.996192810687887,0.019923856213758
33.3,0.951328738786787,0.998999999999999,0.058751779588624,2.00908051837541,2.69538028548605,3.10140917873591,1.67155990024762,1.1698527641775,4.01816103675082,2.61180467388803,1.00454025918771,0.020090805183754
33.4,0.915809602890825,1.002,0.1708569880689,2.08866659095972,2.70722007186504,3.10778307348158,1.68402903527756,1.10236911995843,4.17733318191945,2.71526656824764,1.04433329547986,0.020886665909597
33.5,0.871140000169183,1.005,0.129681627852159,2.00582162802134,2.65551369250671,3.05791663588569,1.67253907091008,1.00879301342956,4.01164325604268,2.60756811642774,1.00291081401067,0.020058216280214
33.6,0.817766254526454,1.008,0.000508293879243,1.8262745484057,2.48325679871746,2.9836039066545,1.39124950248512,0.902255733725415,3.65254909681139,2.37415691292741,0.913137274202848,0.018262745484057
33.7,0.756221658786077,1.011,0.109853342483884,1.87707500126996,2.48068735971836,2.91191669233512,1.5211020415714,0.898359646662532,3.75415000253992,2.44019750165095,0.93853750063498,0.0187707500127
33.8,0.687121146204755,1.014,0.049410843447694,1.75053198965245,2.25446106423469,2.83336668093634,1.28508656530443,0.817355213502139,3.5010639793049,2.27569158654818,0.875265994826224,0.017505319896525
33.9,0.611155146262607,1.017,0.186121843427551,1.81427698969016,2.49032143701036,2.98526120373814,1.49896385542466,0.856130691387916,3.62855397938032,2.35856008659721,0.907138494845079,0.018142769896902
34,0.529082686120036,1.02,0.150541900322733,1.69962458644277,2.36531536951251,2.7319292498741,1.2048554723055,0.804965626217741,3.39924917288554,2.2095119623756,0.849812293221384,0.016996245864428
34.1,0.441723806669243,1.023,0.110631799021124,1.57535560569037,2.14753947213275,2.5830189329639,1.22148276680978,0.588215891081737,3.15071121138073,2.04796228739748,0.787677802845183,0.015753556056904
34.2,0.349951368956682,1.026,0.099640112656253,1.47559148161293,2.04068163684139,2.6435956901239,1.14102969211323,0.592344595751914,2.95118296322587,1.91826892609681,0.737795740806467,0.014755914816129
34.3,0.254682332844049,1.029,0.013708689040286,1.29739102188433,1.92891015880526,2.45470983508782,0.959317533320187,0.414845391582631,2.59478204376867,1.68660832844963,0.648695510942167,0.012973910218843
34.4,0.156868595048424,1.032,0.176061322900897,1.36492991794932,1.98113061819728,2.41407127102687,0.917220690853788,0.398582439784872,2.72985983589864,1.77440889333412,0.68246495897466,0.013649299179493
34.5,0.057487478104939,1.035,0.104488217790175,1.19697569589511,1.78991412035324,2.20981282261775,0.750435397817516,0.273250071830792,2.39395139179023,1.55606840466365,0.598487847947556,0.011969756958951
34.6,-0.04246803471693,1.038,0.162797137173272,1.15832910245634,1.78880077439972,2.34138090666554,0.844991693495,0.187115931698512,2.31665820491268,1.50582783319324,0.579164551228171,0.011583291024564
34.7,-0.141999220973981,1.041,0.018998377120271,0.91799915614629,1.57587766969363,1.92212597729313,0.576957916770658,0.077497013315994,1.83599831229258,1.19339890299018,0.458999578073145,0.009179991561463
34.8,-0.240111597953761,1.044,0.131322610967778,0.935211013014017,1.54810297220818,1.97833498335733,0.534843608841748,-0.057499241713065,1.87042202602803,1.21577431691822,0.467605506507009,0.00935211013014
34.9,-0.335824859217128,1.047,0.085135337914402,0.796310478697273,1.47935396894721,1.81848190627803,0.40257977934369,-0.139802365215979,1.59262095739455,1.03520362230646,0.398155239348637,0.007963104786973
35,-0.428182669496138,1.05,0.116581978799473,0.738399309303334,1.25006554818047,1.79948146293446,0.403225140193263,-0.149671730150842,1.47679861860667,0.959919102094335,0.369199654651667,0.007383993093033
35.1,-0.516262220079909,1.053,0.140950784527003,0.677688564447093,1.31163240243549,1.73897047597749,0.26333664093829,-0.246075500192021,1.35537712889419,0.880995133781221,0.338844282223547,0.006776885644471
35.2,-0.599183449214248,1.056,0.111638458901642,0.568455009687393,1.1079919803836,1.75424913321428,0.264771669723998,-0.384819578210437,1.13691001937479,0.738991512593612,0.284227504843697,0.005684550096874
35.3,-0.676117835387754,1.059,0.011322098278535,0.394204262890781,0.970441075078321,1.42122323124943,-0.016509341362322,-0.478064409171811,0.788408525781561,0.512465541758015,0.19710213144539,0.003942042628908
35.4,-0.746296675644907,1.062,0.040152772891648,0.355856097246741,1.04706259486335,1.50942191554653,-0.112268676712026,-0.47100361592665,0.711712194493481,0.462612926420763,0.17792804862337,0.003558560972467
35.5,-0.809018766211898,1.065,0.024781051319693,0.280762285107794,0.905188971972937,1.36691239725404,-0.116934877579751,-0.606773972770864,0.561524570215589,0.364990970640133,0.140381142553897,0.002807622851078
35.6,-0.863657408692945,1.068,0.046873885487817,0.251216476794872,0.797883669828995,1.39368853845624,-0.111218827295059,-0.641830755625003,0.502432953589743,0.326581419833333,0.125608238397436,0.002512164767949
35.7,-0.909666671833519,1.071,0.001731262774037,0.163064590940517,0.686479934408741,1.34727030438365,-0.209574711291942,-0.805637211500632,0.326129181881034,0.211983968222672,0.081532295470259,0.001630645909405
35.8,-0.946586846284956,1.074,0.001018636952835,0.128431790667878,0.656632645118954,1.14278429784823,-0.258015057591295,-0.747066360612904,0.256863581335757,0.166961327868242,0.064215895333939,0.001284317906679
35.9,-0.974049037868323,1.077,0.098777868064204,0.20172883019588,0.798343042169637,1.34997055994086,-0.201806417556189,-0.642017848514414,0.403457660391761,0.262247479254644,0.10086441509794,0.002017288301959
36,-0.991778853443114,1.08,0.120063334733381,0.208284481290267,0.788129863396757,1.26322961446894,-0.138433762507902,-0.641873103342326,0.416568962580534,0.270769825677347,0.104142240645134,0.002082844812903
36.1,-0.999599142552802,1.083,0.125731112915407,0.209131970362604,0.808775368798725,1.29600149199647,-0.144031477464105,-0.770044861672493,0.418263940725209,0.271871561471386,0.104565985181302,0.002091319703626
36.2,-0.997431767453649,1.086,0.116451410651853,0.205019643198203,0.766693760144644,1.21997551878862,-0.125036451461629,-0.672891815125784,0.410039286396406,0.266525536157664,0.102509821599101,0.002050196431982
36.3,-0.985298383841206,1.089,0.087464537285936,0.19116615344473,0.858553186284693,1.23363987968399,-0.247892633502573,-0.663282230080096,0.38233230688946,0.248515999478149,0.095583076722365,0.001911661534447
36.4,-0.963320224473765,1.092,0.177198480533245,0.30587825605948,0.853929695790417,1.49726326660075,-0.044285956347011,-0.570134881864011,0.611756512118959,0.397641732877324,0.15293912802974,0.003058782560595
36.5,-0.931716887854711,1.095,0.144154742423633,0.307437854568922,0.884714628253762,1.33435795690784,-0.148052059037795,-0.633624532004195,0.614875709137844,0.399669210939599,0.153718927284461,0.003074378545689
36.6,-0.890804144076871,1.098,0.095551827471395,0.302747683394523,0.865064358758742,1.33350299099854,-0.054822599944857,-0.66802141058346,0.605495366789046,0.39357198841288,0.151373841697262,0.003027476833945
36.7,-0.840990779752113,1.101,0.061520990902745,0.321530211150631,0.973726882300089,1.43277768673515,-0.11176571926376,-0.515749133918534,0.643060422301262,0.41798927449582,0.160765105575315,0.003215302111506
36.8,-0.782774513550663,1.104,0.030321366230633,0.351546852679969,0.959739186349051,1.54718742187152,0.015146102370301,-0.45492130427932,0.703093705359938,0.45701090848396,0.175773426339984,0.0035154685268
36.9,-0.716737023160667,1.107,0.122665886674758,0.51292886351409,1.15178557709471,1.64076486386354,0.050735626676668,-0.288825317769881,1.02585772702818,0.666807522568317,0.256464431757045,0.005129288635141
37,-0.64353813335701,1.11,0.147014315956879,0.613476182599868,1.29325286885235,1.71231446083024,0.192357567525051,-0.312154615694668,1.22695236519974,0.797519037379829,0.306738091299934,0.006134761825999
37.1,-0.56390922325028,1.113,0.088679434111141,0.63777021086086,1.20132253856116,1.69838985570664,0.24294212298197,-0.281735302868407,1.27554042172172,0.829101274119119,0.31888510543043,0.006377702108609
37.2,-0.478645918588434,1.116,0.084309179441146,0.721663260852712,1.36000479932256,1.79463590352008,0.240418202300155,-0.08097019961664,1.44332652170542,0.938162239108525,0.360831630426356,0.007216632608527
37.3,-0.388600142127356,1.119,0.010451793832631,0.740851651705274,1.37436917180211,1.8411354929577,0.278614094566859,-0.059282593053116,1.48170330341055,0.963107147216856,0.370425825852637,0.007408516517053
37.4,-0.294671601500271,1.122,0.021091981815693,0.848420380315422,1.52094817747674,1.99436553182278,0.506052983288212,0.014901125511486,1.69684076063084,1.10294649441005,0.424210190157711,0.008484203803154
37.5,-0.197798799636476,1.125,0.030759090357435,0.957960290720959,1.64583134690158,2.06343210194302,0.511985769543085,0.135468782474903,1.91592058144192,1.24534837793725,0.478980145360479,0.00957960290721
37.6,-0.098949657550311,1.128,0.072284970190629,1.10133531264032,1.64349881782823,2.22368702603392,0.742554564713511,0.104121362154636,2.20267062528063,1.43173590643241,0.550667656320159,0.011013353126403
37.7,0.000888156805696,1.131,0.040526115970789,1.17241427277648,1.78583513780316,2.22609523532228,0.778950673585419,0.253962485671811,2.34482854555297,1.52413855460943,0.586207136388242,0.011724142727765
37.8,0.100717096992486,1.134,0.051778234973978,1.28649533196646,1.81196647519,2.2980786168276,0.813047796430005,0.394849139709375,2.57299066393293,1.6724439315564,0.643247665983232,0.012864953319665
37.9,0.199539705238773,1.137,0.063985115447023,1.4005248206858,1.99375626864717,2.46317164322579,0.965200303990995,0.508288841111528,2.80104964137159,1.82068226689153,0.700262410342898,0.014005248206858
38,0.296368578709372,1.14,0.183759473167183,1.62012805187655,2.20710358123691,2.79038516050796,1.2716203871503,0.66950476232604,3.24025610375311,2.10616646743952,0.810064025938277,0.016201280518766
38.1,0.390236235307926,1.143,0.151648336022007,1.68488457132993,2.22659404409859,2.72455688530844,1.3210459281032,0.703469905746615,3.36976914265986,2.19034994272891,0.842442285664966,0.016848845713299
38.2,0.48020478043824,1.146,0.145442408987993,1.77164718942623,2.34791922371219,2.97156480889931,1.30156136211166,0.86130290290301,3.54329437885246,2.3031413462541,0.885823594713116,0.017716471894262
38.3,0.565375278137011,1.149,0.117770976795467,1.83214625493248,2.44179392613869,3.01110582610138,1.47317869500633,0.962505399830905,3.66429250986495,2.38179013141222,0.916073127466239,0.018321462549325
38.4,0.644896732944857,1.152,0.112563267007115,1.90945999995197,2.42811057061108,2.93091454984529,1.5048144818807,1.09220086700622,3.81891999990394,2.48229799993756,0.954729999975985,0.01909459999952
38.5,0.717974592771634,1.155,0.098662261051192,1.97163685382283,2.63159943430927,3.12131950244007,1.59318835241477,0.999481362706904,3.94327370764565,2.56312790996967,0.985818426911413,0.019716368538228
38.6,0.78387868779828,1.158,0.105014942093955,2.04689362989223,2.72422395289861,3.09063242453895,1.56900472074598,1.14402023042665,4.09378725978447,2.6609617188599,1.02344681494612,0.020468936298922
38.7,0.841950526092293,1.161,0.166274677759715,2.16922520385201,2.80708013334181,3.20859229089852,1.77104981997173,1.33780124362113,4.33845040770401,2.81999276500761,1.084612601926,0.02169225203852
38.8,0.891609873041434,1.164,0.082856023110918,2.13846589615235,2.70067683724193,3.18351433176644,1.74165240884522,1.15728907416782,4.27693179230471,2.78000566499806,1.06923294807618,0.021384658961524
38.9,0.932360548866184,1.167,0.070286459780944,2.16964700864713,2.72508222768273,3.36874359794273,1.70533517827532,1.31822846119577,4.33929401729426,2.82054111124127,1.08482350432356,0.021696470086471
39,0.963795386284084,1.17,0.121932605581813,2.2557279918659,2.92042449726375,3.31028919912011,1.79558786858306,1.43470127763173,4.51145598373179,2.93244638942567,1.12786399593295,0.022557279918659
39.1,0.985600298790629,1.173,0.150898619660814,2.30949891845144,2.98447040691492,3.30956242688313,1.98600071185422,1.32754662227761,4.61899783690289,3.00234859398688,1.15474945922572,0.023094989184515
39.2,0.997557418907804,1.176,0.131276098541176,2.30483351744898,2.96995935450289,3.35499313413937,1.84010835952708,1.36813986974524,4.60966703489796,2.99628357268367,1.15241675872449,0.02304833517449
39.3,0.999547275043892,1.179,0.169810610662466,2.34835788570636,2.85673821552436,3.51203578049144,1.88381358655895,1.45148841223268,4.69671577141272,3.05286525141826,1.17417894285318,0.023483578857064
39.4,0.991549985214143,1.182,0.182109127386205,2.35565911260035,2.90702697099572,3.51094425308777,2.0346979701129,1.4989919049691,4.71131822520069,3.06235684638045,1.17782955630017,0.023556591126004
39.5,0.973645455694981,1.185,0.102950440690464,2.26159589638545,2.79283003729584,3.37087899232753,1.79160634925915,1.27304627142829,4.52319179277089,2.94007466530108,1.13079794819272,0.022615958963855
39.6,0.946012582626915,1.188,0.089752488246476,2.22376507087339,2.89705988220912,3.37707625525705,1.78249711428867,1.23281655947479,4.44753014174678,2.89089459213541,1.11188253543669,0.022237650708734
39.7,0.90892746454342,1.191,0.095811515143196,2.19573897968662,2.77339830107854,3.301009441593,1.7671461172419,1.28699071820093,4.39147795937323,2.8544606735926,1.09786948984331,0.021957389796866
39.8,0.862760643685686,1.194,0.179631386779102,2.23639203046479,2.77844379388426,3.26146873632633,1.84724765541642,1.31287196874349,4.47278406092958,2.90730963960422,1.11819601523239,0.022363920304648
39.9,0.807973403666994,1.197,0.003126572315721,2.00809997598271,2.59277092129349,3.20807818081843,1.56610639364745,1.0163202145337,4.01619995196543,2.61052996877753,1.00404998799136,0.020080999759827
40,0.745113160479358,1.2,0.125869189803504,2.07098235028286,2.65395986522186,3.1785853690629,1.66015669026493,1.15098466495352,4.14196470056572,2.69227705536772,1.03549117514143,0.020709823502829
40.1,0.674807992893883,1.203,0.150343199059626,2.02815119195351,2.59922170353735,3.22496849215435,1.6606643473737,1.120520889944,4.05630238390702,2.63659654953956,1.01407559597675,0.020281511919535
40.2,0.597760366905266,1.206,0.012823670882874,1.81658403778814,2.48809247090186,2.89159329625733,1.323010956588,0.83026915296325,3.63316807557628,2.36155924912458,0.90829201889407,0.018165840377881
40.3,0.51474011692385,1.209,0.198058235732297,1.92179835265615,2.49495341750271,2.99386412358453,1.51746707408269,1.03045332343137,3.84359670531229,2.49833785845299,0.960899176328073,0.019217983526562
40.4,0.426576753844586,1.212,0.180779003137635,1.81935575698222,2.35200672652698,3.00275621067275,1.35488617071263,0.823955595534989,3.63871151396444,2.36516248407689,0.90967787849111,0.018193557569822
40.5,0.334151176848434,1.215,0.054120575146417,1.60327175199485,2.2825406314753,2.64985237275782,1.14466462453729,0.801280806102748,3.2065435039897,2.08425327759331,0.801635875997425,0.016032717519949
