ESTDate,EST Time,SiteID,Temperature_C,Salinity,TA,DIC,Aragonite_Sat_W,pCO2,pH
11/7/11,,,,33.3,18.61,21.59,,,
10/20/11,12:01 PM,1,25.3,33.25,2405.56,2126.5,3.31,465.3,8.011
10/20/11,12:36 PM,3,26.4,34.33,2400.46,2060.63,3.92,375.3,8.082
10/20/11,5:33 PM,4,25.7,32.31,2279.31,2023,3.04,464.4,7.995
11/8/11,,,,33.3,12.3,,,,
10/20/11,5:54 PM,5,25.91,33.51,2315.75,2031.11,3.32,432.7,8.022
10/20/11,7:05 PM,6,27.28,34.84,2355.45,1992.95,4.13,341.9,8.104
10/20/11,7:54 PM,6.5,28.16,35.05,2362.6,1957.93,4.59,298.7,8.149
10/20/11,12:24 AM,7,25.87,32.04,2215.7,1982.2,2.78,495.8,7.962
10/21/11,12:45 AM,8,26.51,33.32,2263.15,1968.02,3.42,399.4,8.042
10/21/11,1:07 AM,9,27.47,34.35,2334.25,1956.64,4.31,311.8,8.134
10/21/11,1:52 AM,9.5,27.7,34.71,2376.6,2118.33,3.07,573.9,7.925
11/10/11,,,,33.3,18.71,25.385,,,
10/21/11,4:03 AM,10,25.1,30.38,2109.36,1898.7,2.52,476.8,7.964
10/21/11,4:20 AM,11,26.12,26.42,2225.21,1953.14,3.39,353,8.111
10/21/11,4:47 AM,12,27.12,34.17,2361.01,1969.71,4.47,295.8,8.157
10/21/11,6:01 AM,13,25.33,32.11,2174.31,1973.275,2.41,563.4,7.907
10/21/11,6:15 AM,14,25.47,31.87,2174.91,1973.745,2.43,562.9,7.908
10/21/11,6:28 AM,15,26.49,33.58,2268.21,1986.665,3.27,431.7,8.014
10/21/11,6:31 AM,15.5,27.48,35.36,2362.01,2004.775,4.06,359.9,8.086
10/21/11,9:18 AM,16,25.17,32.26,2154.51,1954.575,2.39,556.3,7.908
10/21/11,6:24 PM,23,25.45,33.04,2220.61,1982.885,2.79,491.3,7.962
10/21/11,9:42 AM,17,26.44,33.33,2247.91,1978.935,3.13,447.6,7.999
10/21/11,7:45 PM,22,26.09,33.45,2245.81,1971.695,3.17,430.8,8.012
10/21/11,10:07 AM,18,26.92,34.16,2378.51,2032.235,4,363.3,8.09
10/21/11,8:25 PM,22.5,27.41,35.29,2383.01,2012.345,4.22,344.3,8.105
10/21/11,11:36 AM,19,25.68,32.66,2178.61,1946.615,2.72,488.1,7.959
10/21/11,11:59 AM,20,25.53,32.83,2188.51,1940.415,2.88,450.6,7.989
10/21/11,12:20 PM,21,26.48,34.04,2282.11,1981.915,3.45,403.8,8.039
10/22/11,8:47 AM,DT9,27.19,35.42,2386.31,2020.35,4.16,350.7,8.099
10/21/11,1:00 PM,21.5,27.52,35.46,2371.21,2005.575,4.15,351.3,8.095
10/22/11,9:49 AM,DT10,26.92,34.85,2367.91,2036.29,3.81,391.6,8.06
10/21/11,5:06 PM,24,24.49,32.44,2210.41,1996.045,2.54,525.2,7.938
10/22/11,10:32 AM,DT11,26.51,34.77,2371.01,2037.98,3.82,383.1,8.069
11/11/11,,,,33.3,9.16,26.33,,,
11/14/11,,,,33.3,16.46,23.725,,,
1/27/12,,,,33.3,-1.89,22.755,,,
12/11/11,1:59 PM,3,25.81,35.94,2355.96,2022.595,3.74,378.6,8.067
12/11/11,3:02 PM,1,24.32,35.49,2383.21,2071.395,3.52,398.7,8.056
12/11/11,7:21 PM,4,23.36,35.6,2444.56,2163.495,3.22,468.2,8.008
12/11/11,7:36 PM,5,23.89,35.92,2389.86,2068.955,3.59,382.2,8.071
12/11/11,11:19 PM,7,24.25,36,2364.96,2020.615,3.82,341.7,8.106
12/12/11,12:02 AM,9,25.98,35.96,2358.21,2015.575,3.84,366.4,8.079
12/12/11,12:50 AM,9.5,26.08,35.95,2353.81,2012.215,3.83,368,8.076
12/12/11,2:54 AM,10,23.55,35.73,2427.26,2121.925,3.46,416.2,8.047
12/12/11,3:17 AM,11,24.63,35.98,2373.51,2036.655,3.76,361.5,8.087
12/12/11,3:40 AM,12,25.91,35.96,2357.66,2013.525,3.85,362.7,8.082
12/12/11,5:04 AM,13,24.14,35.92,2389.71,2072.465,3.56,392.6,8.061
12/12/11,5:18 AM,14,24.74,35.94,2383.56,2054.09,3.69,378.4,8.073
1/30/12,,,,33.3,9.81,-0.45,,,
12/12/11,5:32 AM,15,26.28,35.95,2359.51,2011.7,3.9,362.6,8.082
12/12/11,5:57 AM,15.5,25.96,35.89,2365.26,2013.01,3.95,352.3,8.094
12/12/11,8:09 AM,16,23.64,35.94,2363.91,2048.26,3.52,379.2,8.07
12/12/11,8:24 AM,17,25.22,35.98,2365.51,2048.55,3.56,402.4,8.048
12/12/11,9:00 AM,18,26,35.95,2363.01,2015.56,3.89,360.3,8.085
1/30/12,,,,33.3,12.76,,,,
1/30/12,,,,33.3,4.31,,,,
12/12/11,10:37 AM,19,23.07,35.77,2376.81,2085.47,3.28,418.2,8.038
12/12/11,11:00 AM,20,24.99,35.96,2371.06,2028.35,3.83,356.2,8.092
12/12/11,11:22 AM,21,26.04,35.95,2379.01,2018.72,4.04,346.1,8.102
12/12/11,11:55 AM,21.5,22.81,35.98,2390.86,2072.46,3.54,371.1,8.082
12/12/11,3:46 PM,24,24.35,36,2367.11,2036.11,3.69,365.2,8.083
12/12/11,4:40 PM,23,35.54,35.96,2366.66,2023.78,4.1,534.1,7.939
2/3/13,,,,33.3,1.01,-1.385,,,
12/12/11,5:22 PM,22,25.8,35.94,2357.86,2025.69,3.73,381.1,8.065
12/12/11,5:57 PM,22.5,25.64,35.97,2360.56,2020.2,3.81,366.1,8.08
12/13/11,4:45 AM,DT9,25.45,35.96,2351.36,2029.44,3.61,391.8,8.055
12/13/11,6:28 AM,DT10,25.18,35.9,2364.16,2028.98,3.75,368.4,8.079
12/13/11,7:09 AM,DT11,23.51,36.15,2360.06,2057.57,3.37,402,8.048
3/5/12,,,,33.3,-2.24,,,,
3/9/12,,,,33.3,-10.59,,,,
3/19/12,,,,33.3,-0.54,,,,
3/20/12,,,,33.3,-0.54,,,,
3/23/12,,,,33.3,0.26,,,,
3/26/12,,,,33.3,13.11,,,,
3/28/12,,,,33.3,7.36,,,,
4/2/12,,,,33.3,14.51,,,,
4/4/12,,,,33.3,5.61,-1.06,,,
4/6/12,,,,33.3,5.41,,,,
4/10/12,,,,33.3,-4.49,,,,
4/16/12,,,,33.3,-32.69,,,,
5/9/12,,,,33.3,8.06,,,,
5/31/12,,,,33.3,24.41,,,,
4/30/12,,,,33.21,,2.6,,,
2/27/12,3:16 PM,3,21.85,36.34,2362.81,2032.02,3.62,332.2,8.116
2/27/12,6:42 PM,2,24.61,35.84,2370.21,2050.06,3.59,387.2,8.063
2/27/12,6:59 PM,1,24.63,35.72,2380.56,2055.56,3.65,381.2,8.07
2/27/12,11:48 PM,5,24.93,35.75,2338.41,1950.99,4.27,281.5,8.168
2/28/12,3:38 AM,8,25.13,36.06,2357.21,2021.14,3.75,365.5,8.08
2/28/12,4:48 AM,9.5,15.43,35.89,2354.31,2016.51,3.59,241.5,8.233
2/28/12,7:30 AM,10,24.98,35.83,2346.56,1969.58,4.17,298.1,8.149
2/28/12,7:55 AM,11,25.2,36.07,2358.86,2027.86,3.7,375.7,8.071
2/28/12,8:22 AM,12,25.42,35.96,2356.21,2024.66,3.71,376.2,8.07
2/28/12,9:47 AM,13,25.33,36.03,2337.26,1981.85,3.94,331.4,8.111
6/1/12,,,,33.3,26.61,,,,
5/1/12,,,,33.21,,2.1,,,
2/28/12,10:01 AM,14,25.26,36.09,2356.46,2017.75,3.78,363.1,8.082
2/28/12,10:13 AM,15,25.41,36.02,2375.46,2025.64,3.91,352.9,8.095
2/28/12,10:37 AM,15.5,25.53,36.02,2379.06,2021.65,3.99,344,8.104
2/28/12,12:56 PM,16,25.08,36.13,2402.16,2039.3,4.05,337.9,8.114
2/28/12,1:40 PM,17,25,36.13,2405.96,2040.11,4.08,333.7,8.119
2/28/12,5:54 PM,20,25.25,36.03,2385.56,2021.43,4.06,332.4,8.117
2/28/12,2:47 PM,18,24.67,36.05,2397.26,2040.35,3.98,339,8.113
2/28/12,7:17 PM,21.5,25.26,36.06,2390.51,2032.63,4,343.7,8.106
2/28/12,11:43 PM,22.5,24.64,36.17,2401.06,2041.7,4,337.2,8.115
6/14/12,,,,33.21,-1.09,,,,
2/29/12,12:56 AM,22,25.28,36.1,2369.01,2030.19,3.78,367.5,8.08
2/29/12,1:16 AM,23,25.04,36,2377.86,2038.14,3.8,364.4,8.084
2/29/12,1:47 AM,24,25.92,36.13,2387.01,2055.8,3.73,396.7,8.055
6/15/12,,,,33.21,6.71,1.545,,,
2/29/12,11:55 AM,DT9,25.36,36.12,2370.71,2031.82,3.79,369.2,8.078
2/29/12,1:22 PM,DT10,24.24,36.19,2377.61,2042.285,3.73,361.7,8.087
2/29/12,2:00 PM,DT11,24.31,36.19,2288.56,2042.085,2.79,515.2,7.947
6/18/12,,,,33.21,6.76,2.59,,,
6/20/12,,,,33.3,3.91,,,,
3/2/12,7:39 PM,6.5,25.81,35.95,2358.81,2017.025,3.83,365.4,8.08
6/21/12,,,,33.3,-4.79,,,,
3/1/12,8:09 AM,5.5,25.96,36.04,2345.11,1997.33,3.88,354.3,8.088
6/22/12,,,,33.3,-2.74,,,,
6/26/12,,,,33.21,2.01,-0.665,,,
6/27/12,,,,33.21,2.11,,,,
9/1/10,,,,33.33,-31.17,-13.2,,,
3/8/10,12:38 PM,1,20.34,36.37,2424.23,2072.52,3.83,300.5,8.162
3/8/10,1:24 PM,3,21.58,36.55,2418.43,2068.17,3.83,318.2,8.139
3/8/10,3:09 PM,4,17.9,35.73,2558.48,2187.09,4.1,275.5,8.216
3/8/10,3:45 PM,5,18.86,36.85,2446.23,2112.23,3.62,315.8,8.148
3/8/10,4:03 PM,5.5,20.77,36.45,2428.08,2080.85,3.8,313.7,8.147
3/8/10,4:14 PM,6,21.71,36.33,2420.28,2067.41,3.87,314.8,8.144
3/8/10,5:10 PM,6.5,22.01,36.41,2418.08,2062.71,3.9,315.3,8.143
3/8/10,8:19 PM,7,19.5,35.27,2625.78,2264.78,4.08,321.6,8.172
3/8/10,8:26 PM,8,20.64,36.24,2386.83,2065.2,3.52,335.9,8.117
3/8/10,8:58 PM,9,20.54,36.45,2390.38,2078.91,3.41,353.6,8.099
9/2/10,,,,33.33,3.13,0.245,,,
3/8/10,9:48 PM,9.5,21.24,36.38,2408.08,2067.29,3.73,322.7,8.134
3/8/10,10:55 PM,12,20.24,36.29,2413.73,2073.49,3.71,311.3,8.148
3/8/10,11:14 PM,11,19.94,36.39,2408.63,2071.995,3.66,312,8.147
3/8/10,11:48 PM,10,17.9,34.98,2724.33,2334.335,4.42,287.1,8.227
3/9/10,1:39 AM,16,17.64,36.19,2481.23,2176.96,3.35,347.8,8.121
3/9/10,1:08 AM,17,17.91,35.23,2678.78,2310.755,4.16,304.8,8.199
3/9/10,12:45 AM,18,19.19,35.03,2722.78,2339.885,4.37,311.9,8.196
3/9/10,3:14 AM,19,18.17,36.43,2510.08,2162.605,3.8,302,8.175
3/9/10,3:39 AM,20,19.39,36.39,2479.03,2184.395,3.27,392.3,8.077
3/9/10,3:55 AM,21,19.88,36.51,2454.28,2137.075,3.49,354.6,8.108
9/3/10,,,,33.33,4.43,,,,
3/9/10,4:25 AM,21.5,22.79,36.5,2417.63,2064.175,3.89,328.8,8.127
3/9/10,11:06 AM,22.5,22.33,36.52,2420.98,2084.405,3.71,349.1,8.107
3/9/10,11:59 AM,23,18.58,36.45,2430.33,2120.935,3.38,340.8,8.12
3/9/10,12:33 PM,24,17.92,36.21,2459.03,2178.435,3.11,386.4,8.08
9/7/10,,,,33.33,18.73,,,,
7/15/10,,,,33.08,,-1.915,,,
6/29/10,11:16 AM,1,30.35,36.5,2142.38,1786.825,3.89,337.9,8.064
6/29/10,11:54 AM,3,29.67,36.3,2364.58,2054.335,3.58,498,7.968
6/29/10,5:55 PM,5.5,30.12,36.32,2395.18,2016.705,4.32,385.1,8.061
6/29/10,6:23 PM,6,29.73,36.27,2372.23,2038.135,3.83,450.5,8.004
6/29/10,11:06 PM,7,30.4,37.13,2188.08,1767.625,4.55,270,8.144
6/29/10,11:19 PM,8,29.71,36.31,2389.78,2030.215,4.11,409,8.04
6/29/10,11:50 PM,9,29.59,36.23,2391.28,2045.015,3.97,431.2,8.023
6/30/10,12:49 AM,9.5,29.72,36.13,2388.48,2054.475,3.85,455.4,8.003
6/30/10,2:46 AM,10,30,36.65,2375.03,2003.435,4.21,390.9,8.052
6/30/10,3:05 AM,11,29.93,36.51,2372.78,2050.275,3.71,481.6,7.98
6/30/10,5:53 AM,13,29.99,36.68,2324.68,1981.045,3.89,422.2,8.018
6/30/10,6:12 AM,14,30.13,36.81,2310.18,1914.015,4.41,333.7,8.095
6/30/10,7:51 AM,16,30.07,37.17,2208.48,1847.775,3.95,355.4,8.056
9/8/10,,,,33.33,18.78,,,,
6/30/10,8:24 AM,17,29.85,36.5,2338.43,2010.305,3.74,453.8,7.996
6/30/10,8:48 AM,18,29.7,36.22,2359.08,2030.145,3.77,454.6,7.999
6/30/10,10:28 AM,19,30.05,37.05,2192.83,1844.145,3.83,368.1,8.042
6/30/10,10:51 AM,20,29.63,36.24,2403.28,2051.905,4.03,427.1,8.028
7/16/10,,,,33.08,,-3.495,,,
6/30/10,11:53 AM,21.5,29.62,36.11,2388.68,2032.425,4.08,411,8.039
6/30/10,3:36 PM,22,29.78,36.19,2405.03,2042.405,4.16,409.1,8.043
6/30/10,4:42 PM,24,30.08,36.67,2281.88,1941.415,3.83,412.8,8.019
3/30/11,,,,33.3,10.76,23.7,,,
2/22/11,4:30 PM,24,22.25,36.06,2480.31,2173.715,3.46,414,8.057
2/21/11,3:04 PM,1,22.31,36.35,2393.36,2055.54,3.72,337,8.116
2/21/11,3:44 PM,3,22.86,36.32,2381.61,2050.84,3.65,351.7,8.098
2/22/11,10:32 PM,,19.22,36.01,2393.66,2089.07,3.34,342.9,8.113
2/21/11,11:16 PM,6.5,22.27,36.27,2380.21,2046.15,3.67,337.4,8.113
2/22/11,3:42 AM,7,22.96,36.81,2466.81,2120.46,3.84,359.6,8.102
2/22/11,3:45 AM,8,22.43,36.39,2398.51,2062.92,3.7,344,8.109
2/22/11,4:06 AM,9,22.36,36.3,2389.51,2059.34,3.64,347.8,8.104
2/22/11,4:57 AM,9.5,21.66,36.25,2393.31,2073.6,3.52,355.4,8.098
3/17/11,,,,33.08,,22.345,,,
3/31/11,,,,33.3,8.71,,,,
2/22/11,9:53 AM,16,22.65,35.14,2484.51,2171.585,3.57,400.4,8.072
2/22/11,9:25 AM,17,22.8,36.32,2489.56,2150.125,3.8,370.7,8.096
2/22/11,8:48 AM,18,22.27,36.26,2398.81,2112.155,3.21,427.3,8.033
2/22/11,1:45 PM,19,23.54,35.92,2449.46,2072.105,4.2,309.7,8.153
2/22/11,1:15 PM,20,22.16,35.74,2496.86,2157.395,3.82,357.9,8.112
4/1/11,,,,33.3,11.41,,,,
2/22/11,11:52 AM,21.5,21.86,36.28,2398.31,2071.425,3.6,348.5,8.105
2/22/11,5:53 PM,22.5,22.82,36.16,2397.61,2068.935,3.64,358,8.095
2/22/11,5:05 PM,23,22.47,36.16,2436.66,2124.325,3.49,393.2,8.068
5/5/11,,,,33.08,11.95,17.895,,,
4/4/11,12:37 PM,1,25.35,36.13,2375.05,2027.035,3.88,355.8,8.092
4/4/11,2:01 AM,2,25.1,36.17,2383.15,2040.475,3.83,363.8,8.085
4/4/11,2:20 AM,3,24.72,36.21,2385.7,2042.815,3.82,359.2,8.09
4/4/11,2:46 PM,4,25.31,36.43,2299.9,1852.645,4.82,217.1,8.245
4/4/11,9:05 PM,5.5,26.11,36.2,2377.3,2027.065,3.92,364.6,8.082
4/4/11,9:30 PM,6,25.21,36.15,2380.6,2033.385,3.87,357.2,8.091
4/4/11,10:04 PM,6.5,25.06,36.17,2380.55,2034.385,3.86,356.9,8.092
4/5/11,1:58 AM,7,27.55,36.86,2382.3,1978.945,4.47,313.9,8.13
5/6/11,,,,33.08,10.05,18.59,,,
4/5/11,2:15 AM,8,26.03,36.25,2384,2011.32,4.15,331.9,8.116
4/5/11,2:41 AM,9,25.23,36.09,2377,2024.36,3.93,347.2,8.101
4/5/11,4:43 PM,12,25.48,36.11,2378.65,2033.16,3.86,362.8,8.085
4/5/11,4:54 AM,11,26.07,36.23,2382.2,2016.3,4.08,341.6,8.106
4/5/11,4:30 AM,10,27.06,36.71,2378.9,1964.6,4.58,291.9,8.155
4/8/11,4:08 AM,9.5,12.48,35.51,2339.6,2182.68,1.83,541.1,7.935
4/5/11,8:47 AM,16,27.39,35.31,2312.8,1952.07,4.06,336.7,8.101
4/5/11,9:25 AM,17,26.98,35.88,2363.05,1997.11,4.11,344.6,8.1
5/9/11,,,,33.08,7.45,,,,
4/5/11,10:45 AM,18,25.58,36.1,2378.75,2118.6,3,543.2,7.942
4/7/11,1:48 AM,22.5,26.37,35.87,2355.55,2016.18,3.82,375.8,8.069
4/7/11,2:11 AM,23,25.38,36.25,2383.65,2043.91,3.8,373.6,8.076
4/7/11,2:35 AM,24,25.61,35.6,2391.85,2078.21,3.57,420.5,8.037
4/8/11,3:22 AM,19,28.33,36.17,2269.4,1884.31,4.26,307.8,8.121
4/8/11,8:46 PM,20,27.31,35.68,2343.05,2109.22,2.77,638.4,7.878
4/8/11,9:12 PM,21,26.7,35.86,2359.55,2013.08,3.9,370,8.075
4/8/11,10:49 PM,21.5,26.31,35.8,2354.4,2016.84,3.8,376.9,8.069
4/5/11,1:58 AM,7,27.55,36.86,2372.55,,,,
7/6/11,,,,33.3,15.26,19.48,,,
6/7/11,12:51 AM,8,27.99,36.5,2381.41,1995.35,4.32,340.1,8.103
6/7/11,1:28 AM,9,27.7,36.23,2381.56,2025.51,4.02,380.3,8.067
6/8/11,2:30 AM,9.5,27.72,36.13,2380.21,2025,4.02,380.4,8.067
6/8/11,4:34 AM,10,28.3,37.23,2270.26,1827.07,4.78,246.8,8.19
6/8/11,10:00 PM,22.5,27.8,36.19,2379.86,2028.08,3.98,387.9,8.06
6/8/11,5:23 AM,12,27.56,36.28,2384.01,2033.94,3.95,389.6,8.059
7/7/11,,,,33.3,13.31,16.82,,,
6/7/11,7:21 PM,5.5,28.08,36.26,2378.26,2005.94,4.19,358.8,8.086
6/7/11,12:34 AM,7,28.31,36.8,2339.86,1928.2,4.55,299.2,8.139
6/7/11,8:15 PM,6.5,27.77,36.12,2382.71,2026.7,4.03,380.7,8.067
6/8/11,12:40 PM,19,27.61,36.93,2305.21,1948.71,3.93,359,8.073
6/8/11,1:05 PM,20,27.8,36.74,2342.86,1966.29,4.18,341.4,8.096
6/8/11,1:30 PM,21,27.59,36.15,2375.01,2027.3,3.93,389.6,8.058
6/8/11,2:05 PM,21.5,27.58,36.3,2385.46,2033.21,3.98,386.8,8.061
6/8/11,9:10 PM,23,27.77,36.73,2340.41,1989.61,3.91,380.8,8.058
7/11/11,,,,33.3,12.31,16.89,,,
6/8/11,8:35 PM,24,27.98,37.55,2241.76,1869.37,4.02,324.5,8.094
6/8/11,10:04 AM,16,27.74,36.85,2343.81,1959.42,4.25,330.5,8.107
6/8/11,11:08 AM,18,27.53,36.37,2375.06,2026.22,3.93,389.1,8.057
6/8/11,6:46 AM,13,27.96,36.92,2349.31,1961.39,4.29,330.7,8.107
6/8/11,7:14 AM,15,27.6,36.37,2385.21,2034.79,3.95,390.9,8.057
6/7/11,12:15 PM,1,27.77,37.38,2234.46,1872.55,3.92,333.3,8.085
6/7/11,12:50 PM,3,27.47,36.09,2371.76,2031.92,3.85,399.8,8.049
6/7/11,6:59 PM,5,27.93,36.19,2369.76,2005.21,4.11,365.3,8.079
7/12/11,,,,33.3,17.36,,,,
6/7/11,7:35 PM,6,27.75,36.38,2386.11,2031.1,4.01,385.8,8.062
6/8/11,10:30 AM,17,27.61,36.35,2375.76,2013.99,4.07,368.7,8.076
7/13/11,,,,33.3,13.76,,,,
9/26/11,,,,33.3,19.36,,,,
8/2/11,10:14 PM,4,31.76,36.17,2315.56,1900.86,4.69,324.7,8.104
8/2/11,10:38 PM,5,31.19,36.16,2377.21,1949.33,4.87,319.3,8.12
8/2/11,2:11 AM,7,32.17,37.28,2284.86,1872.73,4.58,333.3,8.086
n/a,,,,33.3,21.96,,,,
8/2/11,2:31 AM,8,31.07,36.13,2389.36,1961.02,4.88,320.8,8.121
8/2/11,3:10 AM,9,30.55,35.43,2408.71,1987.59,4.85,323.8,8.124
8/2/11,3:59 AM,9.5,30.14,35.76,2398.66,1983.27,4.75,326.1,8.119
n/a,,,,,2322.86,,,,
n/a,,,,,2333.86,,,,
10/4/11,,,,33.3,17.21,,,,
8/2/11,2:52 PM,1,30.79,36.19,2381.61,#REF!,4.89,312.1,8.129
8/2/11,3:05 PM,2,30.36,36.03,2391.86,#REF!,4.66,338.7,8.104
10/5/11,,,,33.3,18.96,27.23,,,
8/2/11,3:28 PM,3,30.28,35.97,2396.21,#REF!,4.78,322.4,8.122
8/3/11,6:00 AM,10,31.24,36.31,2270.21,1845.94,4.73,292.9,8.132
8/3/11,6:30 AM,11,30.94,35.94,2394.51,1964.27,4.91,316.6,8.127
8/3/11,6:58 AM,12,30.47,36.01,2410.11,1989.3,4.81,328.8,8.117
8/3/11,8:25 AM,13,31.66,36.79,2306.71,1896.46,4.6,332.3,8.093
8/3/11,8:41 AM,14,31.11,36.22,2373.61,1950.7,4.8,324.4,8.114
8/3/11,8:55 AM,15,30.24,35.61,2407.01,1991.35,4.77,328.3,8.119
8/3/11,9:20 AM,15.5,30.11,36.37,2405.81,1994.89,4.66,339.6,8.105
8/3/11,11:18 AM,18,30.33,36.62,2358.26,1962.245,4.46,350.8,8.086
8/3/11,11:45 AM,17,30.44,35.46,2377.26,1962.295,4.75,321.1,8.122
8/3/11,12:23 PM,16,31.5,36.33,2163.01,1779.275,4.23,315.9,8.089
10/6/11,,,,33.3,16.31,25.445,,,
8/3/11,3:03 PM,19,31.43,36.82,2202.61,1825.645,4.17,343,8.067
8/3/11,4:32 PM,21,30.64,38.34,2399.56,1988.705,4.55,363.4,8.074
8/3/11,5:06 PM,21.5,30.64,37.92,2392.46,1979.475,4.59,353.8,8.083
8/3/11,10:40 PM,24,31.75,36.71,2295.61,1901.445,4.43,352.5,8.072
8/4/11,5:02 AM,MR1,30.32,35.41,2402.76,1983.845,4.81,321.8,8.125
8/4/11,1:39 AM,22.5,31.17,35.22,2424.11,1998.765,4.94,329,8.12
8/4/11,12:38 AM,23,30.99,35.79,2382.36,1964.255,4.78,328.5,8.113
8/4/11,9:45 AM,MR2,29.67,35.79,2361.11,1945.545,4.7,308.7,8.133
8/4/11,3:20 PM,MR3,30.45,35.25,2420.31,1989.545,4.97,312,8.139
10/7/11,,,,33.3,13.41,26.535,,,
8/5/11,1:35 AM,DT11,31,35.74,2394.06,1985.505,4.7,345.3,8.098
8/7/11,3:00 PM,MR7,30.62,34.9,2390.71,1970.575,4.86,315.9,8.131
8/4/11,11:51 PM,DT9,31.41,35.42,2416.21,1994.315,4.89,336.2,8.111
10/14/11,,,,33.3,9.61,26.12,,,
8/7/11,12:30 AM,MR4,31,35.38,2383.26,1966.565,4.8,327,8.116
8/7/11,2:21 AM,MR5,31.01,34.89,2397.91,1987.64,4.77,336.4,8.111
10/17/11,,,,33.3,18.66,25.71,,,
8/7/11,4:43 AM,MR6,30.66,35.11,2378.31,1965.02,4.76,323.4,8.121
10/20/11,,,,33.3,31.76,,,,
8/7/11,12:04 PM,6.5,30.52,36.38,2399.76,1983.49,4.73,335.6,8.107
8/7/11,11:38 AM,6,30.66,35.66,2389.11,1986.24,4.63,346.5,8.097
10/21/11,,,,33.3,42.86,16.44,,,
8/4/11,1:00 AM,22,31.28,35.97,2396.51,1948.765,5.11,299.6,8.144
11/9/12,,,,33.21,5.41,-0.178334,,,
n/a,,WS cruise,,35.46,2431.76,2088.052961,,,
n/a,,,,35.1,2471.21,2135.068063,,,
n/a,,,,34.44,2532.36,2204.90739,,,
n/a,,,,33.61,2608.26,2270.102462,,,
n/a,,,,33.01,2702.91,2374.727544,,,
n/a,,,,36.49,2394.91,2027.567713,,,
n/a,,,,36.26,2377.06,2013.99293,,,
n/a,,,,34.92,2553.06,2226.596987,,,
11/12/12,,,,33.21,12.21,,,,
n/a,,,,33.23,2767.26,2475.65762,,,
n/a,,,,36.13,2357.61,2028.876538,,,
n/a,,,,35.4,2490.11,2164.294327,,,
11/14/12,,,,33.21,6.46,,,,
n/a,,,,33.17,2715.21,2439.759452,,,
n/a,,,,32.27,2931.96,2712.298825,,,
n/a,,,,36.17,2388.41,2031.210673,,,
n/a,,,,35.93,2284.46,2019.375378,,,
n/a,,,,35.61,2349.41,1999.655628,,,
11/16/12,,,,33.21,10.26,,,,
n/a,,,,35.77,2381.56,2037.854083,,,
n/a,,,,35.88,2375.01,2000.940339,,,
n/a,,,,35.94,2318.86,1957.309301,,,
n/a,,,,36.35,2355.51,,,,
n/a,,,,36.63,2271.11,,,,
n/a,,,,36.75,2236.01,,,,
n/a,,,,36.35,2302.21,,,,
n/a,,,,35.94,2328.86,,,,
,,,,33.398,8.104850446,2.547171,,,
12/1/14,1:23 PM,1,23.53,36.24,2379.532386,2066.786912,3.49,390.1,8.062
12/1/14,1:32 PM,2,24.78,36.17,2377.043011,2055.362968,3.6,392.6,8.058
12/1/14,1:53 PM,3,25.33,36.14,2379.151871,2048.115782,3.71,385,8.065
12/1/14,5:10 PM,EK_IN,21.33,35.6,2457.77506,2190.349097,3.05,465.9,8.013
12/1/14,5:21 PM,EK_MID,24.71,36.19,2380.798933,2051.12121,3.68,379,8.071
12/1/14,7:18 PM,4,21.04,35.09,2609.396299,2347.652446,3.05,539.1,7.981
12/1/14,7:36 PM,5,22.3,36.1,2412.330686,2107.091005,3.41,395,8.063
12/1/14,9:26 PM,UK_IN,21.61,34.85,2566.106385,2325.965895,2.86,575.3,7.954
12/1/14,9:40 PM,UK_MID,21.98,36.18,2422.679493,2141.743383,3.16,441.8,8.025
12/1/14,9:52 PM,UK_OFF,24.93,35.96,2383.651981,2073.166286,3.5,416.4,8.039
,,,,33.398,16.64151967,6.074704,,,
12/1/14,11:30 PM,7,23.08,36.01,2408.709175,2100.267647,3.48,394.8,8.063
12/1/14,3:20 AM,8B,24.82,35.82,2378.396589,2037.133002,3.84,353.5,8.096
12/2/14,12:12 AM,9,24.92,35.71,2377.877868,2044.146173,3.77,365.5,8.084
12/2/14,12:47 AM,9.5,25.35,35.96,2370.986795,2050.825004,3.63,395.5,8.055
12/2/14,1:46 AM,8,24.82,35.82,2374.139548,2051.17579,3.64,384.4,8.065
12/2/14,2:42 AM,10,22.83,36.04,2406.069248,2099.52445,3.46,393.7,8.063
12/2/14,3:00 AM,11,24.26,36.04,2375.729901,2047.687288,3.66,371.7,8.078
12/2/14,3:31 AM,12,24.88,35.71,2379.336043,2038.462639,3.82,358,8.092
12/2/14,4:58 AM,15.5,25.3,35.99,2376.645865,2038.174183,3.79,369.5,8.079
12/2/14,5:22 AM,15,25.01,35.75,2378.863653,2042.731543,3.77,367.8,8.082
12/2/14,5:36 AM,14,24,36.11,2379.773126,2047.270923,3.7,363,8.087
12/2/14,5:47 AM,13,22.01,35.84,2443.50041,2165.777394,3.15,453.6,8.019
12/2/14,7:06 AM,16,22.23,36.34,2402.138466,2122.664265,3.13,443.6,8.02
12/2/14,7:34 AM,17,23.83,36.01,2391.220334,2063.888776,3.66,371.5,8.081
,,,,33.398,-2.965288497,9.703985,,,
12/2/14,7:54 AM,18,24.99,35.74,2385.012155,2035.798915,3.91,348.4,8.102
12/2/14,9:23 AM,19,22.7,36.21,2418.941046,2116.769388,3.38,410.4,8.05
12/2/14,9:39 AM,20,23.63,36,2396.258429,2068.464844,3.66,369.5,8.084
12/2/14,9:56 AM,21,24.97,35.7,2386.665542,2036.217327,3.93,346.4,8.104
12/2/14,10:21 AM,21.5,24.9,35.83,2382.522485,2035.846656,3.88,351,8.099
12/2/14,1:05 PM,22.5,24.95,35.73,2384.746221,2041.775744,3.85,357.2,8.094
12/2/14,1:35 PM,22,24.96,35.68,2385.495683,2035.968991,3.92,347,8.104
12/2/14,1:49 PM,23,24.8,35.68,2381.603185,2048.335031,3.74,369.7,8.081
,,,,33.398,16.38278053,,,,
12/2/14,2:08 PM,24,22.71,36.2,2408.003472,2109.440616,3.34,413.8,8.046
12/5/14,1:13 AM,6.5,25.73,36.14,2381.659045,2031.213087,3.92,359.6,8.088
12/5/14,1:28 AM,6,24.99,35.87,2391.430973,2044.416522,3.89,355,8.096
12/5/14,1:38 AM,5.5,24.5,36.1,2399.70644,2070.961495,3.68,383.3,8.07
12/5/14,4:03 AM,EK_OFF,25.09,35.94,2383.296416,2044.186761,3.8,367.3,8.083
,,,,33.57,2.824698112,-1.881124,,,
4/13/15,12:45 PM,1,26.709,36.72,2361.439566,1997.031865,,,
4/13/15,12:58 PM,2,26.691,36.39,2384.196531,2059.172811,,,
4/13/15,1:16 PM,3,25.972,36.31,2381.269704,2052.137427,,,
4/13/15,4:19 PM,EK_IN,27.47,37.29,2286.916257,1868.604507,,,
4/13/15,4:27 PM,EK_MID,26.961,36.58,2361.582276,1992.031825,,,
4/13/15,5:02 PM,4,27.669,37.32,2258.032865,1811.819092,,,
4/13/15,6:12 PM,5,27.427,36.71,2355.420675,1942.307703,,,
4/13/15,6:21 PM,5.5,27.253,36.51,2383.030403,1998.661437,,,
4/13/15,6:36 PM,6,26.17,36.38,2383.221751,2053.646488,,,
4/13/15,6:51 PM,6.5,26.153,36.36,2383.094257,2048.008041,,,
4/13/15,7:40 PM,MR,26.111,36.34,2384.227606,2059.232129,,,
,,,,33.57,4.912162061,,,,
4/13/15,10:12 PM,UK_MID,26.55,36.38,2382.756001,2038.384341,,,
,,,,33.57,,1.271087,,,
4/13/15,12:07 AM,8,27.216,36.56,2393.636267,2009.744645,,,
4/13/15,11:44 PM,7,27.398,36.629,2384.573461,2002.698014,,,
4/13/15,10:23 PM,UK_IN,28.052,36.967,2318.046844,1874.887,,,
4/13/15,10:03 PM,UK_OFF,26.082,36.421,2383.958323,2051.918497,,,
4/13/15,12:39 AM,9,27,36.463,2394.986564,2025.359301,,,
4/13/15,1:12 AM,9.5,26.188,36.298,2380.141295,2053.306119,,,
4/13/15,3:10 AM,10,27.332,36.723,2373.717121,1979.670641,,,
4/13/15,3:36 AM,11,27.07,36.761,2367.719459,1986.92224,,,
4/14/15,4:06 AM,12,25.876,36.331,2380.286994,2051.856042,,,
4/14/15,5:54 AM,13,27.547,37.028,2315.385309,1918.489937,,,
4/14/15,6:09 AM,14,26.139,36.376,2382.653569,2049.926373,,,
4/14/15,6:27 AM,15,25.88,36.411,2390.156869,2059.045087,,,
,,,,33.57,-0.744348328,2.120172,,,
4/14/15,6:59 AM,15.5,26.015,36.373,2386.777025,2064.438303,,,
4/14/15,9:15 AM,16,27.38,37.001,2276.478521,1899.491577,,,
4/14/15,9:51 AM,17,26.279,36.483,2377.310724,2048.373217,,,
4/14/15,10:18 AM,18,25.8,36.388,2383.654132,2067.120429,,,
4/14/15,12:58 PM,19,26.706,36.602,2294.438989,1932.05675,,,
4/14/15,1:01 PM,20,26.714,36.592,2365.20524,2021.879256,,,
,,,,33.57,12.38063526,0.628596,,,
4/14/15,1:20 PM,21/LK,25.805,36.383,2384.670836,2066.927938,,,
4/14/15,3:38 PM,21.5,25.641,36.402,2383.341251,2067.18971,,,
4/14/15,5:50 PM,WS,26.05,36.376,2381.936295,2060.526052,,,
4/14/15,7:05 PM,22.5,26.128,36.48,2389.199412,2075.540317,,,
4/14/15,7:26 PM,22,26.234,36.736,2385.494659,2065.656797,,,
4/14/15,7:38 PM,23,26.729,36.465,2382.282265,2060.222886,,,
4/14/15,7:54 PM,24,28.048,36.982,2242.170272,1889.496661,,,
,,,,33.57,12.38063526,1.696735,,,
4/17/14,7:46 AM,EK_OFF,26.237,36.368,2380.681011,2060.562001,,,
,,,,33.57,2.555140683,-2.929296,,,
6/2/15,5:06 AM,15,27.85,36.39,2384.426921,2045.172491,,,
6/2/15,5:40 AM,15.5,27.67,36.37,2383.586212,2043.428143,,,
6/2/15,7:31 AM,18,27.72,36.39,2382.741086,2047.795281,,,
6/2/15,8:06 AM,17,28.5,36.73,2318.159101,1961.031287,,,
,,,,33.57,4.88042452,,,,
6/2/15,8:31 AM,16,28.62,37.74,2156.351307,1775.563348,,,
6/2/15,10:30 AM,19,28.5,36.88,2305.273085,1974.975413,,,
6/2/15,10:50 AM,20,28.19,36.73,2330.088412,1983.410448,,,
6/2/15,11:21 AM,21/LK,27.81,36.4,2378.392549,2046.566568,,,
6/2/15,12:18 PM,21.5,27.6,36.38,2380.373725,2052.163509,,,
6/2/15,2:21 PM,WS,27.78,36.4,2377.370889,2053.193607,,,
6/2/15,3:39 PM,22.5,27.5,36.37,2381.974167,2051.956353,,,
6/2/15,4:05 PM,22,27.71,36.38,2384.89925,2052.253449,,,
,,,,33.57,6.24993443,,,,
6/2/15,4:18 PM,23,28.2,36.6,2338.199229,1993.209021,,,
6/2/15,4:40 PM,24,28.71,36.97,2248.184951,1928.996572,,,
,,,,33.57,10.94539698,,,,
,,,,33.57,,-2.876939,,,
,,,,33.57,10.177525,,,,
6/1/15,:,1,28.04,36.76,2341.009593,#REF!,,,
6/1/15,12:09 PM,2,27.58,36.5,2373.1188,#REF!,,,
6/1/15,12:09 PM,3,27.42,36.4,2377.699991,#REF!,,,
6/1/15,3:26 PM,EK_IN,28.44,37.12,2300.119599,#REF!,,,
,,,,33.57,,-5.948907,,,
6/1/15,3:41 PM,EK_MID,28.09,35.54,2366.480716,2022.967849,,,
6/1/15,3:55 PM,EK OFF,28.34,36.54,2377.420843,2050.44403,,,
6/1/15,6:01 PM,4,28.95,37.41,2251.113984,1871.217825,,,
6/1/15,6:01 PM,5,28.57,36.42,2370.789832,2009.613522,,,
6/1/15,6:30 PM,5.5,28.39,36.44,2384.571905,2027.472276,,,
,,,,33.57,1.295921024,,,,
6/1/15,6:40 PM,6,28.03,36.65,2382.448971,2053.282477,,,
6/1/15,6:47 PM,6.5,28.38,36.36,2383.785146,2049.113932,,,
6/1/15,7:36 PM,MR,27.91,36.4,2385.049771,2050.07061,,,
,,,,33.57,,1.763071,,,
6/1/15,9:43 PM,UK_OFF,27.93,36.39,2385.36964,2055.504835,,,
6/1/15,9:54 PM,UK_MID,28.09,36.36,2381.313711,2042.411091,,,
,,,,33.57,-0.970142694,,,,
6/1/15,10:02 PM,UK_IN,28.83,36.53,2351.300576,1970.790664,,,
6/1/15,11:32 PM,7,29.17,37.06,2296.723962,1926.206567,,,
6/1/15,11:54 PM,8,28.57,36.6,2345.379173,1998.442389,,,
6/2/15,12:11 AM,9,28,36.41,2374.618339,2051.973583,,,
6/2/15,12:48 AM,9.5,27.81,36.39,2395.645615,2049.651212,,,
6/2/15,2:15 AM,12,28.02,36.05,2426.835763,2053.402576,,,
6/2/15,2:45 AM,11,28.6,36.67,2373.458504,1997.535456,,,
6/2/15,3:03 AM,10,29.24,37.07,2285.345364,1901.831065,,,
6/2/15,4:32 AM,13,29.08,36.77,2303.412245,1945.870687,,,
6/2/15,4:49 AM,14,28.5,36.59,2353.984829,2002.650189,,,
,,,,33.57,6.070572982,32.170152,,,
7/27/15,12:20 PM,1,30.15,36.82,2341.361201,2030.547739,,,
7/27/15,12:33 PM,2,30.1,36.65,2342.578676,2024.037421,,,
,,,,33.57,-3.255065687,,,,
7/27/15,12:53 PM,3,30.37,35.58,2353.797861,2027.492005,,,
7/27/15,3:42 PM,EK_IN,30.28,36.85,2316.505935,1982.458419,,,
7/27/15,3:56 PM,EK_MID,29.8,35.9,2359.511198,2039.321697,,,
7/27/15,4:15 PM,EK OFF,30.5,35.7,2364.891747,2035.589145,,,
7/27/15,6:30 PM,4,30.31,36.37,2332.358836,2000.707368,,,
,,,,33.57,3.770854865,,,,
7/27/15,6:47 PM,5,30.33,35.69,2346.409312,2030.750439,,,
7/27/15,6:58 PM,5.5,30.82,35.8,2368.933948,2037.665692,,,
7/27/15,7:07 PM,6,30.75,35.85,2376.238102,2036.314537,,,
7/27/15,7:34 PM,6.5,30.97,35.6,2368.867625,2029.557076,,,
7/27/15,8:45 PM,MR,31.02,35.9,2368.276272,2031.56418,,,
7/27/15,10:43 PM,UK_OFF,30.99,36.33,2366.594722,2026.521677,,,
7/27/15,10:55 PM,UK_MID,30.89,36.48,2359.829639,2018.833553,,,
7/27/15,11:05 PM,UK_IN,31.14,37.29,2335.760987,1988.657562,,,
7/28/15,12:43 AM,7,30.68,38.77,2187.273026,1858.755692,,,
,,,,33.57,,-0.93642,,,
7/28/15,1:04 AM,8,30.87,36.7,2336.027352,1988.0911,,,
7/28/15,1:23 AM,9,30.74,35.69,2371.732566,2025.089266,,,
,,,,33.57,3.819764527,,,,
7/28/15,2:02 AM,9.5,30.61,35.4,2366.949754,2022.03438,,,
,,,,33.57,,-6.660842,,,
7/28/15,2:54 AM,9.6,30.27,34.18,2348.568022,1993.713018,,,
7/28/15,9:12 AM,11,30.54,36.44,2355.612959,2010.547843,,,
7/28/15,8:49 AM,12,30.18,34.79,2351.426152,2002.772193,,,
7/28/15,5:24 AM,9.8,30.26,36.13,2374.143691,2014.969539,,,
7/28/15,4:02 AM,9.7,30.53,33.46,2363.682322,1998.637599,,,
,,,,33.57,7.896008857,,,,
7/28/15,9:34 AM,10,30.32,39.04,2043.6766,1704.386938,,,
7/28/15,11:20 AM,13,30.49,36.55,2324.679707,1978.183636,,,
,,,,33.57,0.951041378,,,,
7/28/15,11:34 AM,14,30.29,35.93,2342.867461,1994.336118,,,
7/28/15,11:58 AM,15,30.54,36.08,2312.966312,1967.056721,,,
7/28/15,12:40 PM,15.5,30.24,34.72,2343.849897,1993.855801,,,
7/28/15,2:57 PM,16,30.78,37.59,2186.306687,1874.270446,,,
,,,,33.57,6.216337921,,,,
7/28/15,3:22 PM,17,30.79,35.84,2360.967815,2023.71745,,,
7/28/15,3:45 PM,18,30.85,35.85,2364.480762,2031.296504,,,
7/28/15,5:37 PM,19,31.31,37.84,2151.037366,1887.338045,,,
,,,,33.57,,-1.217796,,,
7/28/15,5:49 PM,20,31.88,36.54,2332.3585,2020.531471,,,
7/28/15,6:30 PM,21/LK,30.77,36.27,2362.309218,2041.3151,,,
,,,,33.57,4.905474512,,,,
7/28/15,7:07 PM,21.5,30.55,33.66,2358.290208,2029.583188,,,
7/28/15,10:46 PM,WS,30.94,35.6,2358.866367,2053.059816,,,
7/29/15,12:29 AM,22,30.81,35.76,2356.390786,2038.31296,,,
7/29/15,12:57 AM,23,31.58,36.72,2329.450304,2021.447513,,,
7/29/15,1:19 AM,24,30.94,36.85,2347.122677,2045.27701,,,
,,,,33.57,4.649841151,-0.076333,,,
9/22/15,5:49 AM,15,30.883,34.756,2352.42491,2004.63556,,,
9/22/15,6:12 AM,15.5,31.012,34.694,2373.333614,2016.247111,,,
9/22/15,7:54 AM,18,30.584,34.733,2341.744085,2004.433252,,,
9/22/15,8:15 AM,17,30.714,34.966,2315.382549,1982.434027,,,
9/22/15,8:31 AM,16,30.534,35.962,2232.649494,1984.748066,,,
9/22/15,10:00 AM,19,30.253,35.013,2210.146046,1955.258375,,,
9/22/15,10:29 AM,20,30.787,34.907,2318.745174,1985.361402,,,
9/22/15,10:46 AM,21,30.489,34.54,2329.597442,2000.910613,,,
9/22/15,12:04 PM,21.5,30.669,34.677,2356.528721,2004.38689,,,
9/22/15,2:18 PM,WS,30.715,34.619,2338.779657,2025.120811,,,
9/22/15,3:45 PM,22.5,30.178,33.815,2361.959155,1999.2558,,,
9/22/15,4:10 PM,22,30.269,33.841,2358.422926,2001.170439,,,
,,,,33.57,4.405356926,,,,
9/22/15,4:23 PM,23,30.689,34.517,2337.301501,2043.412641,,,
9/22/15,4:40 PM,24,30.637,34.69,2239.827718,2005.414586,,,
,,,,33.57,,-1.419002,,,
,,,,33.57,5.416796594,-1.419002,,,
9/21/15,1:01 PM,1,29.64,33.68,2338.078216,2091.095517,,,
9/21/15,1:14 PM,2,30.02,34.11,2325.813769,2046.329297,,,
9/21/15,1:30 PM,3,30.01,34.4,2362.876807,2026.790878,,,
9/21/15,4:05 PM,EK_IN,30.19,33.94,2303.792158,2082.081389,,,
9/21/15,4:21 PM,EK_MID,30.18,33.95,2333.013291,2044.797183,,,
9/21/15,4:36 PM,EK_OFF,30.8,34.15,2376.408096,2004.306582,,,
9/21/15,6:41 PM,4,31.65,33.63,#REF!,2054.931042,,,
,,,,33.57,3.069063584,,,,
9/21/15,6:54 PM,5,31.68,33.91,2325.811993,2045.690952,,,
9/21/15,7:03 PM,5.5,30.93,34.17,2349.707692,2023.501055,,,
9/21/15,7:15 PM,6,31.47,34.49,2362.657323,2008.469347,,,
9/21/15,7:28 PM,6.5,31.2,34.25,2364.976983,2001.966622,,,
9/21/15,8:21 PM,MR,30.67,34.46,2356.062043,2005.430532,,,
9/21/15,10:10 PM,UK_OFF,31.74,34.56,2349.138238,2011.405904,,,
,,,,33.57,2.761384897,,,,
9/21/15,10:22 PM,UK_MID,31.69,34.15,2327.064447,2003.576587,,,
9/21/15,10:33 PM,UK_IN,31.18,33.83,2246.62908,1968.219556,,,
9/22/15,12:04 AM,7,30.56,36.52,2302.298295,2015.934831,,,
9/22/15,12:39 AM,8,31.02,34.62,2292.097049,2007.098271,,,
,,,,33.57,,-1.510431,,,
9/22/15,1:19 AM,9,30.94,34.59,2349.824506,2011.797712,,,
9/22/15,1:57 AM,9.5,30.74,34.52,2379.276282,2017.594378,,,
9/22/15,3:17 AM,12,30.71,34.68,2349.570737,1999.426522,,,
9/22/15,3:44 AM,11,30.79,34.6,2326.643391,1999.740753,,,
9/22/15,4:03 AM,10,30.39,36.46,2147.55024,1898.220693,,,
9/22/15,5:24 AM,13,30.75,34.6,2231.030402,1954.682706,,,
9/22/15,5:35 AM,14,31.03,34.88,2269.659832,1968.66417,,,
,,,,33.57,6.541751995,,,,
11/16/15,2:14 PM,1,26.925,34.998,2384.505796,#REF!,,,
11/16/15,2:44 PM,2,27.02,36.14,2375.931357,#REF!,,,
11/16/15,5:08 PM,EK_IN,23.537,35.613,2379.937945,#REF!,,,
11/16/15,5:18 PM,EK_MID,26.85,35.811,2363.654964,#REF!,,,
11/16/15,5:35 PM,EK_OFF,27.4,36.869,2363.711007,#REF!,,,
,,,,33.57,-1.200920376,,,,
11/16/15,7:43 PM,4,26.602,35.191,2456.450534,#REF!,,,
11/16/15,7:56 PM,5,26.591,35.53,2401.500122,#REF!,,,
11/16/15,8:08 PM,5.5,26.665,35.631,2347.356363,#REF!,,,
11/16/15,8:19 PM,6,27.343,35.827,2364.448651,#REF!,,,
11/16/15,8:36 PM,6.5,27.348,35.715,2362.034686,#REF!,,,
11/16/15,9:18 PM,MR,27.096,36.017,2334.851207,#REF!,,,
11/16/15,11:23 PM,UK_OFF,27.648,35.762,2362.929266,#REF!,,,
11/16/15,11:35 PM,UK_MID,26.816,35.349,2344.99155,#REF!,,,
11/16/15,11:47 PM,UK_IN,26.371,34.608,2396.076786,#REF!,,,
11/17/15,1:20 AM,7,26.841,35.518,2346.749967,#REF!,,,
11/17/15,1:35 AM,8,26.964,35.386,2337.014691,#REF!,,,
11/17/15,1:51 AM,9,27.512,35.438,2344.39775,#REF!,,,
11/17/15,2:52 AM,10,26.629,36.654,2347.297421,#REF!,,,
11/17/15,3:21 AM,11,26.935,35.477,2347.895566,#REF!,,,
,,,,33.57,1.082078348,-3.928899,,,
11/17/15,3:45 AM,12,27.42,36.494,2358.83134,2022.229831,,,
11/17/15,5:10 AM,15.5,27.569,35.724,2369.958794,2035.350477,,,
11/17/15,5:35 AM,15,27.595,35.737,2367.083783,2034.043014,,,
11/17/15,5:49 AM,14,27.106,35.531,2347.7947,2036.592115,,,
11/17/15,6:02 AM,13,26.802,35.627,2328.902929,2043.950175,,,
,,,,33.57,0.609612132,,,,
11/17/15,7:20 AM,16,26.92,36.412,2305.915231,2044.017633,,,
11/17/15,7:45 AM,17,27.259,35.608,2344.826775,2039.713536,,,
11/17/15,8:06 AM,18,27.327,36.62,2365.715687,2032.339713,,,
11/17/15,9:46 AM,19,26.608,36.188,2310.026055,2050.730675,,,
11/17/15,10:07 AM,20,27.945,36.018,2323.203477,2034.725659,,,
11/17/15,10:38 AM,21/LK,27.21,36.19,2367.861688,2037.061389,,,
11/17/15,1:04 PM,WS,27.353,36.389,2354.678662,2042.334709,,,
,,,,33.57,7.879266399,,,,
11/17/15,2:33 PM,22.5,27.453,35.881,2383.666465,2033.108569,,,
11/17/15,2:59 PM,22,27.527,35.761,2364.025324,2037.410078,,,
11/17/15,3:13 PM,23,27.222,35.924,2333.769624,2041.586272,,,
11/17/15,3:35 PM,24,26.921,36.43,2303.197726,2054.195501,,,
,,,,33.57,,1.855867,,,
,,,,33.57,2.254655371,,,,
11/20/15,7:46 AM,9.5,27.372,37.181,2370.786709,2026.004604,,,
11/20/15,3:02 PM,3,27.057,35.83,2373.471143,2039.834763,,,
,,,,33.57,,5.753173,,,
1/4/16,1:15 PM,1,24.441,34.174,2439.046125,2151.468079,,,
1/4/16,1:31 PM,2,25.755,36.113,2358.644677,2038.532598,,,
1/4/16,1:46 PM,3,27.058,36.012,2352.620113,2021.802492,,,
1/4/16,4:27 PM,EK_IN,25.609,36.09,2366.105146,2044.705489,,,
1/4/16,4:40 PM,EK_MID,26.437,35.987,2353.10291,2028.014878,,,
1/4/16,4:58 PM,EK_OFF,27.139,36.005,2356.245075,2019.242005,,,
1/4/16,7:13 PM,4,NO DATA,NO DATA,#VALUE!,#VALUE!,,,
1/4/16,7:24 PM,5,NO DATA,NO DATA,#VALUE!,#VALUE!,,,
1/4/16,7:35 PM,5.5,26.632,36.017,2361.252811,2025.415451,,,
1/4/16,7:45 PM,6,26.998,36.002,2353.320977,2021.811141,,,
,,,,33.57,5.597812634,,,,
1/4/16,7:58 PM,6.5,27.3,36.018,2357.411886,2023.042483,,,
1/4/16,8:39 PM,MR,26.388,36.044,2359.953793,2020.007524,,,
1/4/16,10:34 PM,UK_OFF,26.684,36,2361.279317,2012.841636,,,
1/4/16,10:46 PM,UK_MID,26.127,35.951,2356.084079,2030.619852,,,
1/4/16,10:59 PM,UK_IN,25.264,36.019,2356.657848,2024.033895,,,
,,,,33.57,,0.339403,,,
1/5/16,12:35 AM,7,25.671,36.076,2360.064935,2017.166715,,,
1/5/16,12:55 AM,8,26.241,35.945,2350.460346,2011.24627,,,
1/5/16,1:12 AM,9,26.407,36.048,2356.920426,2029.584288,,,
1/5/16,1:53 AM,9.5,26.547,36.067,2359.446015,2024.876477,,,
1/5/16,3:15 AM,12,26.171,36.081,2359.128785,2034.327415,,,
,,,,33.57,4.782590026,,,,
1/5/16,3:59 AM,11,25.683,36.065,2348.704991,2021.21796,,,
1/5/16,4:17 AM,10,23.466,35.17,2316.485609,2072.805778,,,
1/5/16,5:42 AM,13,24.802,35.942,2321.415135,2029.38537,,,
1/5/16,5:54 AM,14,25.918,35.961,2341.387575,2034.837343,,,
,,,,33.57,-3.40050984,,,,
1/5/16,6:08 AM,15,26.349,36.024,2366.024943,2039.202678,,,
1/5/16,6:32 AM,15.5,26.362,36.068,2374.978169,2040.82919,,,
1/5/16,7:55 AM,18,26.069,36.072,2364.504741,2036.672717,,,
1/5/16,8:25 AM,17,25.475,35.578,2354.814276,2112.17291,,,
1/5/16,8:43 AM,16,23.166,37.954,2415.464374,2167.810914,,,
1/5/16,10:17 AM,19,25.098,36.128,2348.828437,2081.976606,,,
1/5/16,10:34 AM,20,25.527,36.158,2352.339459,2062.60025,,,
1/5/16,10:51 AM,21/LK,26.005,36.097,2360.987863,2037.901759,,,
1/5/16,11:50 AM,21.5,26.417,36.048,2364.051155,2027.084467,,,
1/5/16,2:44 PM,WS,25.177,36.062,2355.92355,2037.154011,,,
,,,,33.57,13.94306299,,,,
1/5/16,4:41 PM,22.5,26.352,36.04,2343.669271,2026.854052,,,
1/5/16,5:23 PM,22,25.356,36.07,2343.99761,2038.706695,,,
1/5/16,5:39 PM,23,25.411,36.033,2330.200408,2030.354143,,,
1/5/16,6:06 PM,24,23.784,36.423,2285.449061,2050.503717,,,
,,,,33.57,,-0.582772,,,
,,,,33.57,4.896362768,,,,
,,,,33.34,0.159315402,-7.264534,,,
3/15/16,7:30 AM,15,24.983,36.374,2405.977451,2082.6738,,,
3/15/16,7:55 AM,15.5,26.178,36.317,2377.285815,2041.779731,,,
3/15/16,9:24 AM,18,25.288,36.326,2383.322117,2055.130345,,,
3/15/16,9:47 AM,17,25.083,35.595,2447.946666,2105.293353,,,
,,,,33.4,3.567820111,-2.223575,,,
3/15/16,10:06 AM,16,24.885,36.085,2457.549212,2111.829411,,,
3/15/16,11:52 AM,19,26.654,36.541,2382.990745,2039.329228,,,
3/15/16,12:10 PM,20,25.009,35.926,2452.734883,2139.355887,,,
3/15/16,12:24 PM,21/LK,25.238,36.299,2384.777014,2058.047106,,,
3/15/16,6:28 PM,22,27.216,36.345,2376.908603,2043.822361,,,
3/15/16,6:03 PM,22.5,27.238,36.261,2371.247334,2037.457218,,,
3/15/16,4:10 PM,WS,25.728,36.326,2386.703658,2053.417868,,,
3/15/16,1:43 PM,21.5,26.311,36.25,2371.510627,2034.398572,,,
3/15/16,6:40 PM,23,26.799,36.03,2403.01998,2077.460836,,,
3/15/16,7:01 PM,24,25.794,36.809,2394.760281,2086.777562,,,
,,,,33.4,-0.149453888,,,,
,,,,33.4,-0.149453888,-0.658589,,,
,,,,33.4,10.51968234,,,,
3/14/16,12:44 PM,1,24.479,34.502,2502.095575,2165.559398,,,
3/14/16,1:02 PM,2,24.117,36.288,2425.475016,2085.26464,,,
3/14/16,1:19 PM,3,24.444,36.342,2394.550198,2049.639511,,,
3/14/16,4:16 PM,EK_IN,24.616,35.391,2503.880139,2149.025886,,,
3/14/16,4:32 PM,EK_MID,24.585,36.422,2397.093829,2045.856688,,,
3/14/16,4:48 PM,EK_OFF,24.273,36.426,2400.090453,2045.31377,,,
3/14/16,7:06 PM,4,25.088,35.921,2476.098869,2131.876741,,,
,,,,33.4,1.661168652,,,,
3/14/16,7:18 PM,5,24.82,36.443,2398.13239,2044.824948,,,
3/14/16,7:31 PM,5.5,24.766,36.423,2388.357638,2034.692573,,,
,,,,33.4,1.661168652,0.484746,,,
3/14/16,7:41 PM,6,24.38,36.417,2391.979924,2063.907848,,,
3/14/16,7:56 PM,6.5,24.71,36.426,2390.939099,2056.947406,,,
3/14/16,9:13 PM,MR,23.996,36.439,2387.987795,2061.738812,,,
3/15/16,12:06 AM,UK_OFF,24.558,36.421,2385.925638,2050.152282,,,
3/15/16,12:18 AM,UK_MID,24.72,36.383,2388.725658,2062.896752,,,
3/15/16,12:27 AM,UK_IN,24.727,36.136,2465.457755,2128.239063,,,
3/15/16,2:03 AM,7,25.714,36.735,2428.944448,2102.119003,,,
,,,,33.4,2.720521145,,,,
3/15/16,2:36 AM,8,24.827,36.463,2390.842161,2068.364047,,,
3/15/16,2:46 AM,9,24.74,36.431,2381.333414,2046.644776,,,
3/15/16,3:26 AM,9.5,26.321,36.291,2369.740496,2035.434451,,,
3/15/16,4:52 AM,12,25.123,36.383,2381.536925,2049.060098,,,
3/15/16,5:21 AM,11,25.442,36.458,2414.590867,2068.968824,,,
3/15/16,5:40 AM,10,26.249,36.232,2441.497751,2082.393765,,,
3/15/16,7:05 AM,13,26.005,35.866,2473.355647,2118.981127,,,
3/15/16,7:17 AM,14,24.639,36.419,2390.790632,2067.893886,,,
,,,,33.4,-2.027008059,,,,
5/10/16,7:46 AM,15,26.17,36.452,2374.191916,#REF!,,,
5/10/16,8:16 AM,15.5,25.832,36.405,2383.790209,#REF!,,,
5/10/16,9:35 AM,18,26.1,36.464,2365.869092,#REF!,,,
5/10/16,10:02 AM,17,25.678,36.67,2195.143244,#REF!,,,
5/10/16,10:25 AM,16,26.1,36.464,2117.873544,#REF!,,,
5/10/16,12:00 PM,19,25.49,36.742,2212.898512,#REF!,,,
5/10/16,12:18 PM,20,25.75,36.586,2270.661354,#REF!,,,
5/10/16,1:10 PM,21/LK,26.206,36.478,2377.778227,#REF!,,,
5/10/16,1:59 PM,21.5,26.476,36.358,2381.963561,#REF!,,,
5/10/16,4:06 PM,WS,26.287,36.493,2378.727787,#REF!,,,
5/10/16,5:31 PM,22.5,26.234,36.38,2383.792982,#REF!,,,
5/10/16,5:57 PM,22,26.216,36.454,2375.924746,#REF!,,,
,,,,33.4,,-1.648991,,,
5/10/16,6:11 PM,23,26.399,36.635,2354.403172,2025.512778,,,
,,,,33.4,11.06797697,,,,
5/10/16,6:30 PM,24,26.339,37.019,2269.692662,1912.000252,,,
,,,,33.4,9.776438748,,,,
5/9/16,3:35 PM,1,26.12,35.73,2373.550565,2013.581497,,,
5/9/16,3:49 PM,2,26.032,36.223,2391.811009,2043.044335,,,
5/9/16,4:14 PM,3,26.291,36.359,2378.708083,2026.109751,,,
5/9/16,6:46 PM,EK_IN,26.282,36.763,2339.044669,1915.850798,,,
5/9/16,7:01 PM,EK_MID,26.138,36.444,2396.467552,2034.250205,,,
5/9/16,7:15 PM,EK_OFF,26.137,36.39,2393.656261,2050.405692,,,
5/9/16,9:16 PM,4,26.343,36.854,2290.500527,1865.794211,,,
5/9/16,9:31 PM,5,26.246,36.626,2350.006918,1923.014535,,,
5/9/16,9:47 PM,5.5,26.078,36.62,2394.830483,1986.416137,,,
5/9/16,9:58 PM,6,25.947,36.406,2398.59273,2051.736029,,,
5/9/16,10:13 PM,6.5,26.32,36.411,2396.090337,2046.908759,,,
5/9/16,10:59 PM,MR,25.979,36.449,2392.620058,2050.072095,,,
5/10/16,12:51 AM,UK_OFF,26.138,36.411,2394.560341,2054.217387,,,
5/10/16,1:02 AM,UK_MID,26.287,36.61,2392.386343,1997.848999,,,
5/10/16,1:13 AM,UK_IN,26.148,36.914,2350.213825,1907.441091,,,
,,,,33.4,5.880736436,,,,
5/10/16,2:38 AM,7,25.979,36.449,2313.319763,1883.06175,,,
5/10/16,3:04 AM,8,25.959,36.876,2366.552991,1955.806278,,,
5/10/16,3:19 AM,9,26.011,36.454,2404.439746,2048.393531,,,
5/10/16,4:06 AM,9.5,26.162,36.451,2403.61635,2051.619722,,,
5/10/16,5:12 AM,12,26.031,36.465,2402.238674,2045.998164,,,
,,,,33.4,,4.505483,,,
5/10/16,7:31 AM,14,25.778,37.024,2271.612961,1896.820995,,,
5/10/16,5:55 AM,10,25.722,37.331,2312.518613,1887.103943,,,
5/10/16,7:19 AM,13,25.711,36.895,2251.811632,1862.117691,,,
5/10/16,5:40 AM,11,26.1,36.768,2369.633817,1998.336862,,,
,,,,33.4,,-0.547636,,,
,,,,33.4,-7.355542642,,,,
7/25/16,4:06 PM,1,29.929,36.337,2390.385949,2034.040084,,,
7/25/16,4:17 PM,2,29.51,36.28,2392.483285,2045.145224,,,
7/25/16,4:40 PM,3,29.162,36.227,2385.895278,2044.286081,,,
7/25/16,7:16 PM,EK_IN,30.518,36.547,2329.896703,2000.418404,,,
7/25/16,7:34 PM,EK_MID,29.591,36.277,2387.678689,2044.593108,,,
7/25/16,7:48 PM,EK_OFF,29.271,36.225,2382.010814,2043.858806,,,
7/25/16,10:03 PM,4,30.774,36.621,2291.787159,1953.084816,,,
7/25/16,10:29 PM,5,30.218,36.3,2494.927435,2045.616833,,,
,10:43 PM,,,33.4,4.056935111,,,,
7/25/16,10:43 PM,5.5,29.677,36.25,2367.742291,2019.21179,,,
7/25/16,10:53 PM,6,29.547,36.204,2375.141456,2033.984222,,,
,,,,33.4,,-14.027894,,,
7/25/16,11:07 PM,6.5,29.726,36.353,2377.05487,2020.280076,,,
7/25/16,11:45 PM,MR,29.56,36.21,2368.446728,2016.68754,,,
7/26/16,1:40 AM,UK_OFF,30.194,36.346,2380.119956,2026.920315,,,
,,,,33.4,,3.896331,,,
,,,,33.4,2.116125595,,,,
7/26/16,1:52 AM,UK_MID,30.199,36.293,2390.923192,2039.575201,,,
7/26/16,2:01 AM,UK_IN,30.593,36.43,2319.225569,2000.557569,,,
7/26/16,3:37 AM,7,30.75,36.741,2326.993761,1982.630831,,,
7/26/16,3:58 AM,8,30.146,36.374,2376.046382,2024.034695,,,
7/26/16,4:13 AM,9,28.9,36.32,2382.925135,2044.099283,,,
7/26/16,4:59 AM,9.5,29.7,36.31,2382.210628,2031.765962,,,
,,,,33.4,4.041766809,,,,
7/26/16,7:03 AM,12,29.818,36.489,2300.080576,1988.953088,,,
7/26/16,7:34 AM,11,30.08,36.338,2330.294798,2002.352728,,,
7/26/16,7:49 AM,10,30.299,36.738,2288.610592,1962.541638,,,
7/26/16,9:16 AM,13,30.414,36.822,2100.843028,1831.31518,,,
7/26/16,9:28 AM,14,30.185,36.73,,1840.851005,,,
,,,,33.4,-5.07365511,,,,
7/26/16,9:43 AM,15,29.477,36.38,2371.188665,2029.036862,,,
7/26/16,10:09 AM,15.5,29.688,36.433,2379.191588,2034.53635,,,
7/26/16,11:42 AM,18,29.498,36.392,2382.019107,2043.784027,,,
7/26/16,12:11 PM,17,29.55,36.317,2303.322329,1982.323197,,,
7/26/16,12:38 PM,16,30.172,36.21,2041.71323,1799.959328,,,
,,,,33.4,-0.540042555,,,,
7/26/16,2:53 PM,19,30.217,36.203,2165.478455,1930.78834,,,
,,,,33.4,,3.459569,,,
7/26/16,3:11 PM,20,29.466,36.285,2377.271883,2035.185151,,,
7/26/16,3:27 PM,21/LK,29.704,36.461,2385.106088,2038.032967,,,
7/26/16,4:50 PM,21.5,29.578,36.276,2374.771421,2032.49719,,,
7/26/16,6:54 PM,WS,29.634,36.415,2376.644838,2039.810245,,,
,,,,33.4,0.144015112,,,,
7/26/16,8:26 PM,22.5,29.686,36.327,2372.204471,2034.255122,,,
7/26/16,8:52 PM,22,29.515,36.378,2375.357603,2035.691697,,,
7/26/16,9:28 PM,24,29.893,36.282,2341.339415,2007.280882,,,
,,,,33.4,2.100817437,,,,
,,,,33.4,,0.430446,,,
7/26/16,9:06 PM,23,29.75,36.276,2372.266364,2035.879135,,,
,,,,33.4,,-0.645419,,,
,,,,33.4,2.100817437,,,,
9/19/16,1:40 PM,1,30.76,33.878,2406.588381,,,,
,,,,33.4,0.992543573,,,,
9/19/16,2:00 PM,2,29.629,35.923,2372.568411,,,,
9/19/16,2:23 PM,3,NA,NA,#VALUE!,,,,
9/19/16,6:49 PM,4,32.785,36.183,2338.580643,,,,
,,,,33.4,5.737237063,,,,
9/19/16,7:01 PM,5,32.756,36.386,2363.806186,,,,
9/19/16,7:12 PM,5.5,31.627,36.302,2376.078391,,,,
9/19/16,7:21 PM,6,32.249,36.313,2373.347378,,,,
9/19/16,7:33 PM,6.5,30.218,35.624,2363.976378,,,,
9/19/16,8:52 PM,MR,30.229,36.036,2368.510303,,,,
9/19/16,10:41 PM,UK_OFF,30.609,36.181,2364.709828,,,,
9/19/16,10:52 PM,UK_MID,31.462,36.2,2380.986735,,,,
9/19/16,11:01 PM,UK_IN,32.124,36.352,2366.906735,,,,
9/20/16,12:33 AM,7,33.297,37.468,2232.635085,,,,
,,,,33.4,,,,,
9/20/16,12:58 AM,8,31.83,36.457,,,,,
9/20/16,1:13 AM,9,30.875,36.345,,,,,
9/20/16,1:53 AM,9.5,29.69,35.858,,,,,
,,,,33.4,,,,,
9/20/16,3:12 AM,12,30.53,36.239,,,,,
9/20/16,3:42 AM,11,31.605,36.557,,,,,
9/20/16,3:58 AM,10,32.621,37.764,,,,,
9/20/16,5:24 AM,13,31.751,36.751,,,,,
9/20/16,5:36 AM,14,31.009,36.538,,,,,
9/20/16,5:50 AM,15,30.552,36.078,,,,,
9/20/16,6:13 AM,15.5,29.735,35.839,,,,,
,,,,,,,,,
9/20/16,7:31 AM,18,29.651,35.793,,,,,
,,,,,,,,,
9/20/16,8:04 AM,17,31.382,36.58,,,,,
9/20/16,8:28 AM,16,32.528,36.818,,,,,
9/20/16,10:14 AM,19,31.923,36.93,,,,,
9/20/16,10:15 AM,20,31.381,36.611,,,,,
9/20/16,11:23 AM,21LK,30.196,36.056,,,,,
,,,,33.4,,,,,
9/20/16,12:57 PM,21.5,29.523,35.485,,,,,
9/20/16,4:25 PM,WS,30.216,35.904,,,,,
9/20/16,6:09 PM,22.5,30.311,35.504,,,,,
9/20/16,6:35 PM,22,30.492,35.934,,,,,
,,,,33.4,,-3.799059,,,
9/20/16,6:48 PM,23,31.4,36.187,,,,,
9/20/16,7:11 PM,24,31.518,36.221,,,,,
9/23/16,9:46 AM,EK_OFF,29.624,35.689,,,,,
9/23/16,10:01 AM,EK_MID,30.097,36.065,,,,,
9/23/16,10:16 AM,EK_IN,31.171,36.263,,,,,
,,,,33.4,,-2.509196,,,
11/14/16,1:11 PM,1,26.81,36.16,,2060.371068,,,
11/14/16,1:24 PM,2,26.99,36.35,,2053.048522,,,
11/14/16,1:48 PM,3,27.08,36.19,,2051.410668,,,
11/14/16,7:45 PM,MR,27.54,36.35,,2038.228361,,,
11/14/16,11:47 PM,7,25.85,36.15,,2092.50602,,,
11/14/16,10:15 PM,UK_IN,26.8,36.29,,2039.478478,,,
11/14/16,10:06 PM,UK_MID,27.52,36.21,,2031.839901,,,
11/14/16,9:54 PM,UK_OFF,27.66,36.18,,2039.121089,,,
11/15/16,12:08 AM,8,27.35,36.24,,2033.13353,,,
11/15/16,12:23 AM,9,27.59,36.35,,2037.539407,,,
11/15/16,1:06 AM,9.5,27.64,36.35,,2039.149972,,,
11/15/16,2:24 AM,12,27.53,36.35,,2041.772048,,,
11/15/16,7:58 AM,11,27.54,36.22,,2034.377377,,,
11/15/16,3:18 AM,10,26.31,36.45,,2037.486299,,,
,,,,33.4,,-0.956768,,,
11/15/16,4:44 AM,13,26.05,36.31,,2031.593915,,,
11/15/16,4:56 AM,14,27.01,36.23,,2038.183659,,,
11/15/16,5:11 AM,15,27.59,36.14,,2030.662859,,,
11/15/16,5:36 AM,15.5,27.84,36.14,,2028.029049,,,
11/15/16,6:57 AM,18,27.35,36.26,,2038.891033,,,
11/15/16,7:30 AM,17,26.96,36.21,,2030.91053,,,
11/15/16,7:52 AM,16,25.37,36.53,,2119.575818,,,
11/15/16,9:29 AM,19,25.87,37.79,,2068.225437,,,
11/15/16,9:45 AM,20,26.45,36.3,,2056.694916,,,
11/15/16,11:10 AM,21.5,27.79,36.16,,2029.176549,,,
11/15/16,12:18 PM,21LK,27.21,36.31,,2035.670619,,,
11/15/16,NA,WS,27.12,36.35,,2041.4937,,,
11/15/16,5:13 PM,22.5,NA,NA,,#VALUE!,,,
11/15/16,5:40 PM,22,27.48,36.16,,2035.357246,,,